"ID";"Arquivo";"Linha";"Componente";"Família";"Título / label";"Valor / expressão";"Consultas da página";"Componente final"
"UP-001";"artifacts/up-dash/src/pages/accesses.tsx";"162";"Card";"Painel";"Criar acesso";"";"useListClients";"Card / controles / gráficos → tokens UP Glass"
"UP-002";"artifacts/up-dash/src/pages/accesses.tsx";"261";"Card";"Tabela / lista / detalhe";"Acessos ativos";"";"useListClients";"Card / controles / gráficos → tokens UP Glass"
"UP-003";"artifacts/up-dash/src/pages/automatic-reports.tsx";"871";"GlassMetricCard";"Métrica";"""Status""";"{<><span className={cn(""h-2.5 w-2.5 rounded-full"", config.enabled ? ""bg-emerald-500"" : ""bg-muted-foreground"")} /><p className=""text-2xl font-bold"">{config.enabled ? ""Ativo"" : ""Inativo""}</p></>}";"useListClients";"DashboardKpiCard → UP Glass"
"UP-004";"artifacts/up-dash/src/pages/automatic-reports.tsx";"872";"GlassMetricCard";"Métrica";"""Marcas configuradas""";"{<>{summary.enabledClients}</>}";"useListClients";"DashboardKpiCard → UP Glass"
"UP-005";"artifacts/up-dash/src/pages/automatic-reports.tsx";"873";"GlassMetricCard";"Métrica";"""Destinatários ativos""";"{<>{summary.recipients}</>}";"useListClients";"DashboardKpiCard → UP Glass"
"UP-006";"artifacts/up-dash/src/pages/automatic-reports.tsx";"874";"GlassMetricCard";"Métrica";"""Na fila""";"{<>{summary.scheduled}</>}";"useListClients";"DashboardKpiCard → UP Glass"
"UP-007";"artifacts/up-dash/src/pages/automatic-reports.tsx";"903";"Card";"Painel";"<MessageCircle className=""h-4 w-4 text-primary"" />Relatórios via WhatsApp Oficial da UP";"";"useListClients";"Card / controles / gráficos → tokens UP Glass"
"UP-008";"artifacts/up-dash/src/pages/automatic-reports.tsx";"1027";"Card";"Painel";"<CalendarClock className=""h-4 w-4 text-primary"" />Resumo operacional";"";"useListClients";"Card / controles / gráficos → tokens UP Glass"
"UP-009";"artifacts/up-dash/src/pages/automatic-reports.tsx";"1059";"Card";"Painel";"<Plus className=""h-4 w-4 text-primary"" />Novo destinatário";"";"useListClients";"Card / controles / gráficos → tokens UP Glass"
"UP-010";"artifacts/up-dash/src/pages/automatic-reports.tsx";"1109";"Card";"Tabela / lista / detalhe";"Destinatários cadastrados";"";"useListClients";"Card / controles / gráficos → tokens UP Glass"
"UP-011";"artifacts/up-dash/src/pages/automatic-reports.tsx";"1171";"Card";"Painel";"<FileText className=""h-4 w-4 text-primary"" />Templates da Agência";"";"useListClients";"Card / controles / gráficos → tokens UP Glass"
"UP-012";"artifacts/up-dash/src/pages/automatic-reports.tsx";"1249";"Card";"Painel";"<Send className=""h-4 w-4 text-primary"" />Criar template na Meta";"";"useListClients";"Card / controles / gráficos → tokens UP Glass"
"UP-013";"artifacts/up-dash/src/pages/automatic-reports.tsx";"1375";"Card";"Painel";"<FileText className=""h-4 w-4 text-primary"" />Modelo de mensagem";"";"useListClients";"Card / controles / gráficos → tokens UP Glass"
"UP-014";"artifacts/up-dash/src/pages/automatic-reports.tsx";"1416";"GlassMetricCard";"Métrica";"""Campo""";"{<>{placeholder}</>}";"useListClients";"DashboardKpiCard → UP Glass"
"UP-015";"artifacts/up-dash/src/pages/automatic-reports.tsx";"1451";"Card";"Painel";"Prévia";"";"useListClients";"Card / controles / gráficos → tokens UP Glass"
"UP-016";"artifacts/up-dash/src/pages/automatic-reports.tsx";"1467";"Card";"Painel";"Dicionário disponível";"";"useListClients";"Card / controles / gráficos → tokens UP Glass"
"UP-017";"artifacts/up-dash/src/pages/automatic-reports.tsx";"1504";"Card";"Tabela / lista / detalhe";"<FileText className=""h-4 w-4 text-primary"" />Templates de relatório cadastrados";"";"useListClients";"Card / controles / gráficos → tokens UP Glass"
"UP-018";"artifacts/up-dash/src/pages/automatic-reports.tsx";"1566";"Card";"Painel";"<FileText className=""h-4 w-4 text-primary"" />Templates Clientes";"";"useListClients";"Card / controles / gráficos → tokens UP Glass"
"UP-019";"artifacts/up-dash/src/pages/automatic-reports.tsx";"1590";"Card";"Tabela / lista / detalhe";"<Send className=""h-4 w-4 text-primary"" />Relatórios gerados";"";"useListClients";"Card / controles / gráficos → tokens UP Glass"
"UP-020";"artifacts/up-dash/src/pages/clients.tsx";"1925";"Card";"Painel";"Painel / conteúdo";"";"useListClients";"Card / controles / gráficos → tokens UP Glass"
"UP-021";"artifacts/up-dash/src/pages/clients.tsx";"1961";"Card";"Painel";"Acessos dos clientes";"";"useListClients";"Card / controles / gráficos → tokens UP Glass"
"UP-022";"artifacts/up-dash/src/pages/clients.tsx";"1986";"Superfície UP Glass";"Painel";"Painel / conteúdo";"";"useListClients";"Card / controles / gráficos → tokens UP Glass"
"UP-023";"artifacts/up-dash/src/pages/clients.tsx";"2028";"Card";"Tabela / lista / detalhe";"Clientes cadastrados";"";"useListClients";"Card / controles / gráficos → tokens UP Glass"
"UP-024";"artifacts/up-dash/src/pages/compare.tsx";"85";"Card";"Painel";"Pick brands to compare";"";"useListClients, useGetDashboard";"Card / controles / gráficos → tokens UP Glass"
"UP-025";"artifacts/up-dash/src/pages/compare.tsx";"181";"BrandKpiCard";"Painel";"Painel / conteúdo";"";"useListClients, useGetDashboard";"Card / controles / gráficos → tokens UP Glass"
"UP-026";"artifacts/up-dash/src/pages/compare.tsx";"227";"Card";"Painel";"Painel / conteúdo";"";"useListClients, useGetDashboard";"Card / controles / gráficos → tokens UP Glass"
"UP-027";"artifacts/up-dash/src/pages/compare.tsx";"265";"GlassMetricCard";"Métrica";"{label}";"{value}";"useListClients, useGetDashboard";"DashboardKpiCard → UP Glass"
"UP-028";"artifacts/up-dash/src/pages/compare.tsx";"319";"Card";"Gráfico";"Daily revenue side-by-side";"";"useListClients, useGetDashboard";"Card / controles / gráficos → tokens UP Glass"
"UP-029";"artifacts/up-dash/src/pages/customer-detail.tsx";"138";"Configuração de KPI";"Métrica configurada";"""Visits""";"journey.visits";"useGetCustomerDetail";"DashboardKpiCard → UP Glass"
"UP-030";"artifacts/up-dash/src/pages/customer-detail.tsx";"139";"Configuração de KPI";"Métrica configurada";"""Registered""";"journey.registered ? 1 : 0";"useGetCustomerDetail";"DashboardKpiCard → UP Glass"
"UP-031";"artifacts/up-dash/src/pages/customer-detail.tsx";"140";"Configuração de KPI";"Métrica configurada";"""Approved""";"journey.approved ? 1 : 0";"useGetCustomerDetail";"DashboardKpiCard → UP Glass"
"UP-032";"artifacts/up-dash/src/pages/customer-detail.tsx";"141";"Configuração de KPI";"Métrica configurada";"""Product Views""";"journey.productViews";"useGetCustomerDetail";"DashboardKpiCard → UP Glass"
"UP-033";"artifacts/up-dash/src/pages/customer-detail.tsx";"142";"Configuração de KPI";"Métrica configurada";"""Cart Adds""";"journey.addedToCart";"useGetCustomerDetail";"DashboardKpiCard → UP Glass"
"UP-034";"artifacts/up-dash/src/pages/customer-detail.tsx";"143";"Configuração de KPI";"Métrica configurada";"""Purchases""";"journey.purchased";"useGetCustomerDetail";"DashboardKpiCard → UP Glass"
"UP-035";"artifacts/up-dash/src/pages/customer-detail.tsx";"185";"Card";"Painel";"<Megaphone className=""h-4 w-4 text-primary"" />Attribution & Registration";"";"useGetCustomerDetail";"Card / controles / gráficos → tokens UP Glass"
"UP-036";"artifacts/up-dash/src/pages/customer-detail.tsx";"390";"Card";"Painel";"Painel / conteúdo";"";"useGetCustomerDetail";"Card / controles / gráficos → tokens UP Glass"
"UP-037";"artifacts/up-dash/src/pages/customer-detail.tsx";"414";"GlassMetricCard";"Métrica";"{label}";"{value}";"useGetCustomerDetail";"DashboardKpiCard → UP Glass"
"UP-038";"artifacts/up-dash/src/pages/customer-detail.tsx";"491";"TouchCard";"Painel";"""Primeira campanha""";"";"useGetCustomerDetail";"Card / controles / gráficos → tokens UP Glass"
"UP-039";"artifacts/up-dash/src/pages/customer-detail.tsx";"496";"TouchCard";"Painel";"""Última campanha""";"";"useGetCustomerDetail";"Card / controles / gráficos → tokens UP Glass"
"UP-040";"artifacts/up-dash/src/pages/customer-detail.tsx";"501";"TouchCard";"Painel";"""Campanha de retorno""";"";"useGetCustomerDetail";"Card / controles / gráficos → tokens UP Glass"
"UP-041";"artifacts/up-dash/src/pages/customer-detail.tsx";"506";"MetricCard";"Métrica";"""Primeira atividade""";"{formatSaoPauloDateTime(data.summary.firstSeenAt)}";"useGetCustomerDetail";"DashboardKpiCard → UP Glass"
"UP-042";"artifacts/up-dash/src/pages/customer-detail.tsx";"511";"MetricCard";"Métrica";"""Última atividade""";"{formatSaoPauloDateTime(data.summary.lastSeenAt)}";"useGetCustomerDetail";"DashboardKpiCard → UP Glass"
"UP-043";"artifacts/up-dash/src/pages/customer-detail.tsx";"516";"MetricCard";"Métrica";"""Produtos vistos""";"{formatNumber(data.summary.productViews)}";"useGetCustomerDetail";"DashboardKpiCard → UP Glass"
"UP-044";"artifacts/up-dash/src/pages/customer-detail.tsx";"517";"MetricCard";"Métrica";"""Carrinhos""";"{formatNumber(data.summary.addToCartEvents)}";"useGetCustomerDetail";"DashboardKpiCard → UP Glass"
"UP-045";"artifacts/up-dash/src/pages/customer-detail.tsx";"518";"MetricCard";"Métrica";"""Checkouts""";"{formatNumber(data.summary.checkoutStarts)}";"useGetCustomerDetail";"DashboardKpiCard → UP Glass"
"UP-046";"artifacts/up-dash/src/pages/customer-detail.tsx";"519";"MetricCard";"Métrica";"""Compras""";"{formatNumber(data.summary.purchases)}";"useGetCustomerDetail";"DashboardKpiCard → UP Glass"
"UP-047";"artifacts/up-dash/src/pages/customer-detail.tsx";"520";"MetricCard";"Métrica";"""Valor comprado""";"{formatCurrency(data.summary.totalPurchaseValue)}";"useGetCustomerDetail";"DashboardKpiCard → UP Glass"
"UP-048";"artifacts/up-dash/src/pages/customer-detail.tsx";"523";"Card";"Tabela / lista / detalhe";"Painel / conteúdo";"";"useGetCustomerDetail";"Card / controles / gráficos → tokens UP Glass"
"UP-049";"artifacts/up-dash/src/pages/customer-detail.tsx";"788";"Card";"Painel";"{customer?.name || ""Unknown Customer""}";"";"useGetCustomerDetail";"Card / controles / gráficos → tokens UP Glass"
"UP-050";"artifacts/up-dash/src/pages/customer-detail.tsx";"892";"GlassMetricCard";"Métrica";"""Total Spent""";"{<>{formatCurrency(customer?.totalSpent ?? 0)}</>}";"useGetCustomerDetail";"DashboardKpiCard → UP Glass"
"UP-051";"artifacts/up-dash/src/pages/customer-detail.tsx";"893";"GlassMetricCard";"Métrica";"""Orders""";"{<>{formatNumber(customer?.totalOrders ?? 0)}</>}";"useGetCustomerDetail";"DashboardKpiCard → UP Glass"
"UP-052";"artifacts/up-dash/src/pages/customer-detail.tsx";"911";"Card";"Gráfico";"<BarChart2 className=""h-4 w-4 text-primary"" />Customer Journey";"";"useGetCustomerDetail";"Card / controles / gráficos → tokens UP Glass"
"UP-053";"artifacts/up-dash/src/pages/customer-detail.tsx";"930";"Card";"Painel";"Painel / conteúdo";"";"useGetCustomerDetail";"Card / controles / gráficos → tokens UP Glass"
"UP-054";"artifacts/up-dash/src/pages/customer-detail.tsx";"949";"Card";"Tabela / lista / detalhe";"Painel / conteúdo";"";"useGetCustomerDetail";"Card / controles / gráficos → tokens UP Glass"
"UP-055";"artifacts/up-dash/src/pages/customers.tsx";"111";"GlassMetricCard";"Métrica";"{label}";"{value}";"useGetCustomers, useGetCustomerSummary, useGetInsight";"DashboardKpiCard → UP Glass"
"UP-056";"artifacts/up-dash/src/pages/customers.tsx";"376";"SummaryKpiCard";"Métrica";"""Registrations""";"{kpis ? formatNumber(kpis.totalRegistrations) : ""—""}";"useGetCustomers, useGetCustomerSummary, useGetInsight";"DashboardKpiCard → UP Glass"
"UP-057";"artifacts/up-dash/src/pages/customers.tsx";"383";"SummaryKpiCard";"Métrica";"""Approved""";"{kpis ? formatNumber(kpis.approvedRegistrations) : ""—""}";"useGetCustomers, useGetCustomerSummary, useGetInsight";"DashboardKpiCard → UP Glass"
"UP-058";"artifacts/up-dash/src/pages/customers.tsx";"390";"SummaryKpiCard";"Métrica";"""Approval Rate""";"{kpis ? `${kpis.approvalRatePct.toFixed(1)}%` : ""—""}";"useGetCustomers, useGetCustomerSummary, useGetInsight";"DashboardKpiCard → UP Glass"
"UP-059";"artifacts/up-dash/src/pages/customers.tsx";"397";"RegistrationConversionCard";"Painel";"Painel / conteúdo";"";"useGetCustomers, useGetCustomerSummary, useGetInsight";"Card / controles / gráficos → tokens UP Glass"
"UP-060";"artifacts/up-dash/src/pages/customers.tsx";"397";"SummaryKpiCard";"Métrica";"""Pending""";"{kpis ? formatNumber(kpis.pendingRegistrations) : ""—""}";"useGetCustomers, useGetCustomerSummary, useGetInsight";"DashboardKpiCard → UP Glass"
"UP-061";"artifacts/up-dash/src/pages/customers.tsx";"404";"SummaryKpiCard";"Métrica";"""Rejected""";"{kpis ? formatNumber(kpis.rejectedRegistrations) : ""—""}";"useGetCustomers, useGetCustomerSummary, useGetInsight";"DashboardKpiCard → UP Glass"
"UP-062";"artifacts/up-dash/src/pages/customers.tsx";"411";"SummaryKpiCard";"Métrica";"""Total Buyers""";"{kpis ? formatNumber(kpis.totalBuyers) : ""—""}";"useGetCustomers, useGetCustomerSummary, useGetInsight";"DashboardKpiCard → UP Glass"
"UP-063";"artifacts/up-dash/src/pages/customers.tsx";"418";"SummaryKpiCard";"Métrica";"""Approved No Purchase""";"{kpis ? formatNumber(kpis.customersWithoutPurchase) : ""—""}";"useGetCustomers, useGetCustomerSummary, useGetInsight";"DashboardKpiCard → UP Glass"
"UP-064";"artifacts/up-dash/src/pages/customers.tsx";"425";"SummaryKpiCard";"Métrica";"""Avg Days to 1st""";"{kpis?.avgTimeToFirstPurchaseDays != null ? `${kpis.avgTimeToFirstPurchaseDays}d` : ""—""}";"useGetCustomers, useGetCustomerSummary, useGetInsight";"DashboardKpiCard → UP Glass"
"UP-065";"artifacts/up-dash/src/pages/customers.tsx";"434";"SummaryKpiCard";"Métrica";"""Registrations""";"{kpis ? formatNumber(kpis.totalRegistrations) : ""—""}";"useGetCustomers, useGetCustomerSummary, useGetInsight";"DashboardKpiCard → UP Glass"
"UP-066";"artifacts/up-dash/src/pages/customers.tsx";"442";"SummaryKpiCard";"Métrica";"""Approved""";"{kpis ? formatNumber(kpis.approvedRegistrations) : ""—""}";"useGetCustomers, useGetCustomerSummary, useGetInsight";"DashboardKpiCard → UP Glass"
"UP-067";"artifacts/up-dash/src/pages/customers.tsx";"450";"SummaryKpiCard";"Métrica";"""Pending""";"{kpis ? formatNumber(kpis.pendingRegistrations) : ""—""}";"useGetCustomers, useGetCustomerSummary, useGetInsight";"DashboardKpiCard → UP Glass"
"UP-068";"artifacts/up-dash/src/pages/customers.tsx";"458";"SummaryKpiCard";"Métrica";"""Rejected""";"{kpis ? formatNumber(kpis.rejectedRegistrations) : ""—""}";"useGetCustomers, useGetCustomerSummary, useGetInsight";"DashboardKpiCard → UP Glass"
"UP-069";"artifacts/up-dash/src/pages/customers.tsx";"466";"SummaryKpiCard";"Métrica";"""Approval Rate""";"{kpis ? `${kpis.approvalRatePct.toFixed(1)}%` : ""—""}";"useGetCustomers, useGetCustomerSummary, useGetInsight";"DashboardKpiCard → UP Glass"
"UP-070";"artifacts/up-dash/src/pages/customers.tsx";"474";"SummaryKpiCard";"Métrica";"""Total Buyers""";"{kpis ? formatNumber(kpis.totalBuyers) : ""—""}";"useGetCustomers, useGetCustomerSummary, useGetInsight";"DashboardKpiCard → UP Glass"
"UP-071";"artifacts/up-dash/src/pages/customers.tsx";"482";"SummaryKpiCard";"Métrica";"""Approved No Purchase""";"{kpis ? formatNumber(kpis.customersWithoutPurchase) : ""—""}";"useGetCustomers, useGetCustomerSummary, useGetInsight";"DashboardKpiCard → UP Glass"
"UP-072";"artifacts/up-dash/src/pages/customers.tsx";"490";"SummaryKpiCard";"Métrica";"""Avg Days to 1st""";"{kpis?.avgTimeToFirstPurchaseDays != null ? `${kpis.avgTimeToFirstPurchaseDays}d` : ""—""}";"useGetCustomers, useGetCustomerSummary, useGetInsight";"DashboardKpiCard → UP Glass"
"UP-073";"artifacts/up-dash/src/pages/customers.tsx";"503";"Card";"Gráfico";"Registration Analytics";"";"useGetCustomers, useGetCustomerSummary, useGetInsight";"Card / controles / gráficos → tokens UP Glass"
"UP-074";"artifacts/up-dash/src/pages/customers.tsx";"647";"Card";"Gráfico";"<span className=""h-1.5 w-1.5 rounded-full bg-primary"" />Concentração por estado";"";"useGetCustomers, useGetCustomerSummary, useGetInsight";"Card / controles / gráficos → tokens UP Glass"
"UP-075";"artifacts/up-dash/src/pages/customers.tsx";"748";"Card";"Painel";"{insight.headline}";"";"useGetCustomers, useGetCustomerSummary, useGetInsight";"Card / controles / gráficos → tokens UP Glass"
"UP-076";"artifacts/up-dash/src/pages/customers.tsx";"811";"Card";"Painel";"Painel / conteúdo";"";"useGetCustomers, useGetCustomerSummary, useGetInsight";"Card / controles / gráficos → tokens UP Glass"
"UP-077";"artifacts/up-dash/src/pages/customers.tsx";"949";"Card";"Tabela / lista / detalhe";"Painel / conteúdo";"";"useGetCustomers, useGetCustomerSummary, useGetInsight";"Card / controles / gráficos → tokens UP Glass"
"UP-078";"artifacts/up-dash/src/pages/daily.tsx";"144";"GlassMetricCard";"Métrica";"{label}";"{value}";"useGetClient";"DashboardKpiCard → UP Glass"
"UP-079";"artifacts/up-dash/src/pages/daily.tsx";"155";"DashLoadingCard";"Painel";"""Carregando Daily""";"";"useGetClient";"Card / controles / gráficos → tokens UP Glass"
"UP-080";"artifacts/up-dash/src/pages/daily.tsx";"162";"Card";"Painel";"Painel / conteúdo";"";"useGetClient";"Card / controles / gráficos → tokens UP Glass"
"UP-081";"artifacts/up-dash/src/pages/daily.tsx";"331";"GlassMetricCard";"Métrica";"""UP Dash · Relatório Daily""";"{<>{data?.client.name ?? ""B2C""}</>}";"useGetClient";"DashboardKpiCard → UP Glass"
"UP-082";"artifacts/up-dash/src/pages/daily.tsx";"343";"DailyKpiCard";"Métrica";"""Faturamento aprovado""";"{kpis.approvedRevenue}";"useGetClient";"DashboardKpiCard → UP Glass"
"UP-083";"artifacts/up-dash/src/pages/daily.tsx";"355";"DailyKpiCard";"Métrica";"""Quantidade de vendas""";"{kpis.sales}";"useGetClient";"DashboardKpiCard → UP Glass"
"UP-084";"artifacts/up-dash/src/pages/daily.tsx";"366";"DailyKpiCard";"Métrica";"""Ticket médio""";"{kpis.avgTicket}";"useGetClient";"DashboardKpiCard → UP Glass"
"UP-085";"artifacts/up-dash/src/pages/daily.tsx";"377";"DailyKpiCard";"Métrica";"""Custo por compra""";"{kpis.costPerPurchase}";"useGetClient";"DashboardKpiCard → UP Glass"
"UP-086";"artifacts/up-dash/src/pages/daily.tsx";"389";"DailyKpiCard";"Métrica";"""Investimento em mídia""";"{kpis.mediaSpend}";"useGetClient";"DashboardKpiCard → UP Glass"
"UP-087";"artifacts/up-dash/src/pages/daily.tsx";"400";"DailyKpiCard";"Métrica";"""ROAS""";"{kpis.roas}";"useGetClient";"DashboardKpiCard → UP Glass"
"UP-088";"artifacts/up-dash/src/pages/daily.tsx";"418";"Card";"Painel";"Painel / conteúdo";"";"useGetClient";"Card / controles / gráficos → tokens UP Glass"
"UP-089";"artifacts/up-dash/src/pages/daily.tsx";"429";"GlassMetricCard";"Métrica";"""Análise geral""";"{<>Leitura do período</>}";"useGetClient";"DashboardKpiCard → UP Glass"
"UP-090";"artifacts/up-dash/src/pages/daily.tsx";"440";"Card";"Painel";"Painel / conteúdo";"";"useGetClient";"Card / controles / gráficos → tokens UP Glass"
"UP-091";"artifacts/up-dash/src/pages/daily.tsx";"441";"GlassMetricCard";"Métrica";"""Resumo do relatório""";"{<>Insights para envio</>}";"useGetClient";"DashboardKpiCard → UP Glass"
"UP-092";"artifacts/up-dash/src/pages/daily.tsx";"461";"Card";"Tabela / lista / detalhe";"Campanhas";"";"useGetClient";"Card / controles / gráficos → tokens UP Glass"
"UP-093";"artifacts/up-dash/src/pages/daily.tsx";"492";"Card";"Tabela / lista / detalhe";"Produtos mais vendidos";"";"useGetClient";"Card / controles / gráficos → tokens UP Glass"
"UP-094";"artifacts/up-dash/src/pages/daily.tsx";"530";"RankingCard";"Painel";"""Categorias""";"";"useGetClient";"Card / controles / gráficos → tokens UP Glass"
"UP-095";"artifacts/up-dash/src/pages/daily.tsx";"531";"RankingCard";"Painel";"""Cores""";"";"useGetClient";"Card / controles / gráficos → tokens UP Glass"
"UP-096";"artifacts/up-dash/src/pages/daily.tsx";"532";"RankingCard";"Painel";"""Tamanhos""";"";"useGetClient";"Card / controles / gráficos → tokens UP Glass"
"UP-097";"artifacts/up-dash/src/pages/daily.tsx";"550";"Card";"Painel";"{title}";"";"useGetClient";"Card / controles / gráficos → tokens UP Glass"
"UP-098";"artifacts/up-dash/src/pages/dashboard.tsx";"151";"Card";"Painel";"{title}";"";"useGetClient, useGetDashboard, useGetInsight, useGetAlerts, useGetSellers";"Card / controles / gráficos → tokens UP Glass"
"UP-099";"artifacts/up-dash/src/pages/dashboard.tsx";"781";"Card";"Tabela / lista / detalhe";"<Megaphone className=""h-4 w-4 text-primary"" />Clientes atribuídos às campanhas";"";"useGetClient, useGetDashboard, useGetInsight, useGetAlerts, useGetSellers";"Card / controles / gráficos → tokens UP Glass"
"UP-100";"artifacts/up-dash/src/pages/dashboard.tsx";"801";"GlassMetricCard";"Métrica";"""Clientes""";"{<>{formatNumber(data.summary.impactedCustomers)}</>}";"useGetClient, useGetDashboard, useGetInsight, useGetAlerts, useGetSellers";"DashboardKpiCard → UP Glass"
"UP-101";"artifacts/up-dash/src/pages/dashboard.tsx";"802";"GlassMetricCard";"Métrica";"""Solicitado""";"{<>{formatCurrency(data.summary.requestedValue ?? data.summary.attributedRevenue)}</>}";"useGetClient, useGetDashboard, useGetInsight, useGetAlerts, useGetSellers";"DashboardKpiCard → UP Glass"
"UP-102";"artifacts/up-dash/src/pages/dashboard.tsx";"803";"GlassMetricCard";"Métrica";"""Pedidos""";"{<>{formatNumber(data.summary.orders)}</>}";"useGetClient, useGetDashboard, useGetInsight, useGetAlerts, useGetSellers";"DashboardKpiCard → UP Glass"
"UP-103";"artifacts/up-dash/src/pages/dashboard.tsx";"804";"GlassMetricCard";"Métrica";"""Cadastros""";"{<>{formatNumber(data.summary.registrations)}</>}";"useGetClient, useGetDashboard, useGetInsight, useGetAlerts, useGetSellers";"DashboardKpiCard → UP Glass"
"UP-104";"artifacts/up-dash/src/pages/dashboard.tsx";"811";"DashboardKpiCard";"Métrica";"""Valor solicitado""";"{data.summary.requestedValue ?? data.summary.attributedRevenue}";"useGetClient, useGetDashboard, useGetInsight, useGetAlerts, useGetSellers";"DashboardKpiCard → UP Glass"
"UP-105";"artifacts/up-dash/src/pages/dashboard.tsx";"826";"DashboardKpiCard";"Métrica";"""Valor atendido""";"{data.summary.fulfilledValue ?? 0}";"useGetClient, useGetDashboard, useGetInsight, useGetAlerts, useGetSellers";"DashboardKpiCard → UP Glass"
"UP-106";"artifacts/up-dash/src/pages/dashboard.tsx";"840";"DashboardKpiCard";"Métrica";"""Investimento""";"{data.summary.investment ?? 0}";"useGetClient, useGetDashboard, useGetInsight, useGetAlerts, useGetSellers";"DashboardKpiCard → UP Glass"
"UP-107";"artifacts/up-dash/src/pages/dashboard.tsx";"854";"DashboardKpiCard";"Métrica";"""ROAS""";"{data.summary.roas ?? 0}";"useGetClient, useGetDashboard, useGetInsight, useGetAlerts, useGetSellers";"DashboardKpiCard → UP Glass"
"UP-108";"artifacts/up-dash/src/pages/dashboard.tsx";"1199";"GlassMetricCard";"Métrica";"""Eventos""";"{<>{formatNumber(timelineData.summary.totalEvents)}</>}";"useGetClient, useGetDashboard, useGetInsight, useGetAlerts, useGetSellers";"DashboardKpiCard → UP Glass"
"UP-109";"artifacts/up-dash/src/pages/dashboard.tsx";"1200";"GlassMetricCard";"Métrica";"""Produtos vistos""";"{<>{formatNumber(timelineData.summary.productViews)}</>}";"useGetClient, useGetDashboard, useGetInsight, useGetAlerts, useGetSellers";"DashboardKpiCard → UP Glass"
"UP-110";"artifacts/up-dash/src/pages/dashboard.tsx";"1201";"GlassMetricCard";"Métrica";"""Carrinhos""";"{<>{formatNumber(timelineData.summary.addToCartEvents)}</>}";"useGetClient, useGetDashboard, useGetInsight, useGetAlerts, useGetSellers";"DashboardKpiCard → UP Glass"
"UP-111";"artifacts/up-dash/src/pages/dashboard.tsx";"1202";"GlassMetricCard";"Métrica";"""Valor comprado""";"{<>{formatCurrency(timelineData.summary.totalPurchaseValue)}</>}";"useGetClient, useGetDashboard, useGetInsight, useGetAlerts, useGetSellers";"DashboardKpiCard → UP Glass"
"UP-112";"artifacts/up-dash/src/pages/dashboard.tsx";"1409";"Card";"Tabela / lista / detalhe";"<ShoppingBag className=""h-4 w-4 text-primary"" />Pedidos do período";"";"useGetClient, useGetDashboard, useGetInsight, useGetAlerts, useGetSellers";"Card / controles / gráficos → tokens UP Glass"
"UP-113";"artifacts/up-dash/src/pages/dashboard.tsx";"1420";"GlassMetricCard";"Métrica";"""Total""";"{<>{formatNumber(data?.total ?? 0)}pedidos</>}";"useGetClient, useGetDashboard, useGetInsight, useGetAlerts, useGetSellers";"DashboardKpiCard → UP Glass"
"UP-114";"artifacts/up-dash/src/pages/dashboard.tsx";"1514";"GlassMetricCard";"Métrica";"""Pago""";"{<>{formatCurrency(details.order.fulfilledAmount)}</>}";"useGetClient, useGetDashboard, useGetInsight, useGetAlerts, useGetSellers";"DashboardKpiCard → UP Glass"
"UP-115";"artifacts/up-dash/src/pages/dashboard.tsx";"1515";"GlassMetricCard";"Métrica";"""Bruto""";"{<>{formatCurrency(details.order.grossAmount)}</>}";"useGetClient, useGetDashboard, useGetInsight, useGetAlerts, useGetSellers";"DashboardKpiCard → UP Glass"
"UP-116";"artifacts/up-dash/src/pages/dashboard.tsx";"1516";"GlassMetricCard";"Métrica";"""Desconto""";"{<>{formatCurrency(details.order.discountAmount)}</>}";"useGetClient, useGetDashboard, useGetInsight, useGetAlerts, useGetSellers";"DashboardKpiCard → UP Glass"
"UP-117";"artifacts/up-dash/src/pages/dashboard.tsx";"1517";"GlassMetricCard";"Métrica";"""Frete""";"{<>{formatCurrency(details.order.shippingAmount)}</>}";"useGetClient, useGetDashboard, useGetInsight, useGetAlerts, useGetSellers";"DashboardKpiCard → UP Glass"
"UP-118";"artifacts/up-dash/src/pages/dashboard.tsx";"1856";"DashLoadingCard";"Painel";"{t(""dashboard.loading.title"")}";"";"useGetClient, useGetDashboard, useGetInsight, useGetAlerts, useGetSellers";"Card / controles / gráficos → tokens UP Glass"
"UP-119";"artifacts/up-dash/src/pages/dashboard.tsx";"1945";"DashboardKpiCard";"Métrica";"{isB2C ? t(""dashboard.kpi.totalRevenue.b2c"") : t(""dashboard.kpi.totalRevenue.b2b"")}";"{data?.kpis.revenue ?? 0}";"useGetClient, useGetDashboard, useGetInsight, useGetAlerts, useGetSellers";"DashboardKpiCard → UP Glass"
"UP-120";"artifacts/up-dash/src/pages/dashboard.tsx";"1963";"DashboardKpiCard";"Métrica";"{t(""dashboard.kpi.orders"")}";"{data?.kpis.orders ?? 0}";"useGetClient, useGetDashboard, useGetInsight, useGetAlerts, useGetSellers";"DashboardKpiCard → UP Glass"
"UP-121";"artifacts/up-dash/src/pages/dashboard.tsx";"1980";"DashboardKpiCard";"Métrica";"{t(""dashboard.kpi.avgTicket"")}";"{data?.kpis.avgTicket ?? 0}";"useGetClient, useGetDashboard, useGetInsight, useGetAlerts, useGetSellers";"DashboardKpiCard → UP Glass"
"UP-122";"artifacts/up-dash/src/pages/dashboard.tsx";"1997";"DashboardKpiCard";"Métrica";"{t(""dashboard.kpi.conversionRate"")}";"{data?.kpis.conversionRate ?? 0}";"useGetClient, useGetDashboard, useGetInsight, useGetAlerts, useGetSellers";"DashboardKpiCard → UP Glass"
"UP-123";"artifacts/up-dash/src/pages/dashboard.tsx";"2025";"GlassMetricCard";"Métrica";"{isB2C ? t(""dashboard.kpi.invoicedValue"") : t(""dashboard.kpi.requestedRevenue"")}";"{isLoading ? ( <Skeleton className=""h-6 w-24 mt-1"" /> ) : ( <p className=""text-xl font-bold tabular-nums mt-0.5""> <CountUp value={data?.kpis.requestedRevenue ?? 0} format={(v) => formatCurrencySmart(v)} /> </p> )}";"useGetClient, useGetDashboard, useGetInsight, useGetAlerts, useGetSellers";"DashboardKpiCard → UP Glass"
"UP-124";"artifacts/up-dash/src/pages/dashboard.tsx";"2057";"GlassMetricCard";"Métrica";"{t(""dashboard.kpi.buyersThisPeriod"")}";"{isLoading ? ( <Skeleton className=""h-6 w-24 mt-1"" /> ) : ( <p className=""text-xl font-bold tabular-nums mt-0.5""> <CountUp value={(data?.kpis.newBuyers ?? 0) + (data?.kpis.returningBuyers ?? 0)} format={(v) => formatNumber(v)} /> </p> )}";"useGetClient, useGetDashboard, useGetInsight, useGetAlerts, useGetSellers";"DashboardKpiCard → UP Glass"
"UP-125";"artifacts/up-dash/src/pages/dashboard.tsx";"2127";"DashboardKpiCard";"Métrica";"{t(""dashboard.kpi.buyerRetention"")}";"{data?.kpis.retentionPct ?? 0}";"useGetClient, useGetDashboard, useGetInsight, useGetAlerts, useGetSellers";"DashboardKpiCard → UP Glass"
"UP-126";"artifacts/up-dash/src/pages/dashboard.tsx";"2172";"Card";"Gráfico";"{t(""dashboard.chart.title"")}";"";"useGetClient, useGetDashboard, useGetInsight, useGetAlerts, useGetSellers";"Card / controles / gráficos → tokens UP Glass"
"UP-127";"artifacts/up-dash/src/pages/dashboard.tsx";"2312";"Card";"Painel";"{insight.headline}";"";"useGetClient, useGetDashboard, useGetInsight, useGetAlerts, useGetSellers";"Card / controles / gráficos → tokens UP Glass"
"UP-128";"artifacts/up-dash/src/pages/dashboard.tsx";"2387";"B2CSalesBreakdownCard";"Painel";"{t(""dashboard.b2c.byCategory.title"")}";"";"useGetClient, useGetDashboard, useGetInsight, useGetAlerts, useGetSellers";"Card / controles / gráficos → tokens UP Glass"
"UP-129";"artifacts/up-dash/src/pages/dashboard.tsx";"2396";"B2CSalesBreakdownCard";"Painel";"{t(""dashboard.b2c.byColor.title"")}";"";"useGetClient, useGetDashboard, useGetInsight, useGetAlerts, useGetSellers";"Card / controles / gráficos → tokens UP Glass"
"UP-130";"artifacts/up-dash/src/pages/dashboard.tsx";"2405";"B2CSalesBreakdownCard";"Gráfico";"{t(""dashboard.b2c.bySize.title"")}";"";"useGetClient, useGetDashboard, useGetInsight, useGetAlerts, useGetSellers";"Card / controles / gráficos → tokens UP Glass"
"UP-131";"artifacts/up-dash/src/pages/dashboard.tsx";"2424";"Card";"Gráfico";"{t(""dashboard.signals.title"")}";"";"useGetClient, useGetDashboard, useGetInsight, useGetAlerts, useGetSellers";"Card / controles / gráficos → tokens UP Glass"
"UP-132";"artifacts/up-dash/src/pages/dashboard.tsx";"2469";"Card";"Painel";"<AlertTriangle className=""h-4 w-4 text-amber-400"" />{t(""dashboard.alerts.title"")}";"";"useGetClient, useGetDashboard, useGetInsight, useGetAlerts, useGetSellers";"Card / controles / gráficos → tokens UP Glass"
"UP-133";"artifacts/up-dash/src/pages/dashboard.tsx";"2614";"Card";"Painel";"{t(""dashboard.categories.title"")}";"";"useGetClient, useGetDashboard, useGetInsight, useGetAlerts, useGetSellers";"Card / controles / gráficos → tokens UP Glass"
"UP-134";"artifacts/up-dash/src/pages/dashboard.tsx";"2684";"Card";"Painel";"{t(""dashboard.sellers.title"")}";"";"useGetClient, useGetDashboard, useGetInsight, useGetAlerts, useGetSellers";"Card / controles / gráficos → tokens UP Glass"
"UP-135";"artifacts/up-dash/src/pages/erp.tsx";"371";"DashboardKpiCard";"Métrica";"{metric.label}";"{metric.value}";"useErpDashboard";"DashboardKpiCard → UP Glass"
"UP-136";"artifacts/up-dash/src/pages/erp.tsx";"545";"Card";"Gráfico";"Painel / conteúdo";"";"useErpDashboard";"Card / controles / gráficos → tokens UP Glass"
"UP-137";"artifacts/up-dash/src/pages/erp.tsx";"625";"Configuração de KPI";"Métrica configurada";"""Faturamento líquido""";"k?.netRevenue ?? 0";"useErpDashboard";"DashboardKpiCard → UP Glass"
"UP-138";"artifacts/up-dash/src/pages/erp.tsx";"635";"Configuração de KPI";"Métrica configurada";"""Pedidos""";"k?.orders ?? 0";"useErpDashboard";"DashboardKpiCard → UP Glass"
"UP-139";"artifacts/up-dash/src/pages/erp.tsx";"645";"Configuração de KPI";"Métrica configurada";"""Compradores""";"k?.uniqueCustomers ?? 0";"useErpDashboard";"DashboardKpiCard → UP Glass"
"UP-140";"artifacts/up-dash/src/pages/erp.tsx";"655";"Configuração de KPI";"Métrica configurada";"""Retenção""";"k?.retentionPct ?? 0";"useErpDashboard";"DashboardKpiCard → UP Glass"
"UP-141";"artifacts/up-dash/src/pages/erp.tsx";"666";"Configuração de KPI";"Métrica configurada";"""Peças vendidas""";"k?.totalQuantity ?? 0";"useErpDashboard";"DashboardKpiCard → UP Glass"
"UP-142";"artifacts/up-dash/src/pages/erp.tsx";"676";"Configuração de KPI";"Métrica configurada";"""Descontos""";"k?.discountAmount ?? 0";"useErpDashboard";"DashboardKpiCard → UP Glass"
"UP-143";"artifacts/up-dash/src/pages/erp.tsx";"686";"Configuração de KPI";"Métrica configurada";"""Devoluções""";"k?.returnAmount ?? 0";"useErpDashboard";"DashboardKpiCard → UP Glass"
"UP-144";"artifacts/up-dash/src/pages/erp.tsx";"696";"Configuração de KPI";"Métrica configurada";"""Cancelamentos""";"k?.cancelledOrders ?? 0";"useErpDashboard";"DashboardKpiCard → UP Glass"
"UP-145";"artifacts/up-dash/src/pages/erp.tsx";"716";"Card";"Gráfico";"Painel / conteúdo";"";"useErpDashboard";"Card / controles / gráficos → tokens UP Glass"
"UP-146";"artifacts/up-dash/src/pages/erp.tsx";"760";"Card";"Gráfico";"Painel / conteúdo";"";"useErpDashboard";"Card / controles / gráficos → tokens UP Glass"
"UP-147";"artifacts/up-dash/src/pages/erp.tsx";"818";"BreakdownCard";"Painel";"""Formas de pagamento""";"";"useErpDashboard";"Card / controles / gráficos → tokens UP Glass"
"UP-148";"artifacts/up-dash/src/pages/erp.tsx";"824";"BreakdownCard";"Painel";"""Ranking de vendedores""";"";"useErpDashboard";"Card / controles / gráficos → tokens UP Glass"
"UP-149";"artifacts/up-dash/src/pages/erp.tsx";"830";"BreakdownCard";"Painel";"""Geografia de compradores""";"";"useErpDashboard";"Card / controles / gráficos → tokens UP Glass"
"UP-150";"artifacts/up-dash/src/pages/erp.tsx";"837";"Card";"Tabela / lista / detalhe";"Painel / conteúdo";"";"useErpDashboard";"Card / controles / gráficos → tokens UP Glass"
"UP-151";"artifacts/up-dash/src/pages/erp.tsx";"963";"Configuração de KPI";"Métrica configurada";"""Faturamento bruto""";"k?.grossRevenue ?? 0";"useErpDashboard";"DashboardKpiCard → UP Glass"
"UP-152";"artifacts/up-dash/src/pages/erp.tsx";"973";"Configuração de KPI";"Métrica configurada";"""Pedidos únicos""";"k?.orders ?? 0";"useErpDashboard";"DashboardKpiCard → UP Glass"
"UP-153";"artifacts/up-dash/src/pages/erp.tsx";"983";"Configuração de KPI";"Métrica configurada";"""Peças vendidas""";"k?.totalQuantity ?? 0";"useErpDashboard";"DashboardKpiCard → UP Glass"
"UP-154";"artifacts/up-dash/src/pages/erp.tsx";"993";"Configuração de KPI";"Métrica configurada";"""Cancelamentos""";"k?.cancelledOrders ?? 0";"useErpDashboard";"DashboardKpiCard → UP Glass"
"UP-155";"artifacts/up-dash/src/pages/erp.tsx";"1007";"Card";"Tabela / lista / detalhe";"Painel / conteúdo";"";"useErpDashboard";"Card / controles / gráficos → tokens UP Glass"
"UP-156";"artifacts/up-dash/src/pages/erp.tsx";"1260";"GlassMetricCard";"Métrica";"""Pedidos históricos""";"{<>{formatNumber(customer?.historicalOrders ?? 0)}</>}";"useErpDashboard";"DashboardKpiCard → UP Glass"
"UP-157";"artifacts/up-dash/src/pages/erp.tsx";"1261";"GlassMetricCard";"Métrica";"""Valor total comprado""";"{<>{formatCurrency(customer?.lifetimeValue ?? 0)}</>}";"useErpDashboard";"DashboardKpiCard → UP Glass"
"UP-158";"artifacts/up-dash/src/pages/erp.tsx";"1262";"GlassMetricCard";"Métrica";"""Ticket médio histórico""";"{<>{formatCurrency( (customer?.historicalOrders ?? 0) > 0 ? (customer?.lifetimeValue ?? 0) / (customer?.historicalOrders ?? 1) : 0, )}</>}";"useErpDashboard";"DashboardKpiCard → UP Glass"
"UP-159";"artifacts/up-dash/src/pages/erp.tsx";"1395";"Configuração de KPI";"Métrica configurada";"""Compradores""";"k?.uniqueCustomers ?? 0";"useErpDashboard";"DashboardKpiCard → UP Glass"
"UP-160";"artifacts/up-dash/src/pages/erp.tsx";"1405";"Configuração de KPI";"Métrica configurada";"""Novos compradores""";"k?.newCustomers ?? 0";"useErpDashboard";"DashboardKpiCard → UP Glass"
"UP-161";"artifacts/up-dash/src/pages/erp.tsx";"1415";"Configuração de KPI";"Métrica configurada";"""Recorrentes""";"k?.returningCustomers ?? 0";"useErpDashboard";"DashboardKpiCard → UP Glass"
"UP-162";"artifacts/up-dash/src/pages/erp.tsx";"1425";"Configuração de KPI";"Métrica configurada";"""Retenção""";"k?.retentionPct ?? 0";"useErpDashboard";"DashboardKpiCard → UP Glass"
"UP-163";"artifacts/up-dash/src/pages/erp.tsx";"1440";"Card";"Tabela / lista / detalhe";"Painel / conteúdo";"";"useErpDashboard";"Card / controles / gráficos → tokens UP Glass"
"UP-164";"artifacts/up-dash/src/pages/erp.tsx";"1893";"Configuração de KPI";"Métrica configurada";"""Estoque atual""";"data?.totalStock ?? 0";"useErpDashboard";"DashboardKpiCard → UP Glass"
"UP-165";"artifacts/up-dash/src/pages/erp.tsx";"1903";"Configuração de KPI";"Métrica configurada";"""Poder de venda""";"data?.salesPower ?? 0";"useErpDashboard";"DashboardKpiCard → UP Glass"
"UP-166";"artifacts/up-dash/src/pages/erp.tsx";"1913";"Configuração de KPI";"Métrica configurada";"""Cobertura""";"data?.coverageDays ?? 0";"useErpDashboard";"DashboardKpiCard → UP Glass"
"UP-167";"artifacts/up-dash/src/pages/erp.tsx";"1923";"Configuração de KPI";"Métrica configurada";"""SKUs sem estoque""";"data?.outOfStockCount ?? 0";"useErpDashboard";"DashboardKpiCard → UP Glass"
"UP-168";"artifacts/up-dash/src/pages/erp.tsx";"1935";"Configuração de KPI";"Métrica configurada";"""Faturamento""";"data?.totalRevenue ?? 0";"useErpDashboard";"DashboardKpiCard → UP Glass"
"UP-169";"artifacts/up-dash/src/pages/erp.tsx";"1945";"Configuração de KPI";"Métrica configurada";"""Lucro bruto""";"data?.grossProfit ?? 0";"useErpDashboard";"DashboardKpiCard → UP Glass"
"UP-170";"artifacts/up-dash/src/pages/erp.tsx";"1955";"Configuração de KPI";"Métrica configurada";"""% de giro""";"data?.turnoverPct ?? 0";"useErpDashboard";"DashboardKpiCard → UP Glass"
"UP-171";"artifacts/up-dash/src/pages/erp.tsx";"1969";"Configuração de KPI";"Métrica configurada";"""Poder de venda""";"data?.salesPower ?? 0";"useErpDashboard";"DashboardKpiCard → UP Glass"
"UP-172";"artifacts/up-dash/src/pages/erp.tsx";"1984";"BreakdownCard";"Painel";"""Categorias""";"";"useErpDashboard";"Card / controles / gráficos → tokens UP Glass"
"UP-173";"artifacts/up-dash/src/pages/erp.tsx";"1999";"BreakdownCard";"Painel";"""Cores""";"";"useErpDashboard";"Card / controles / gráficos → tokens UP Glass"
"UP-174";"artifacts/up-dash/src/pages/erp.tsx";"2011";"BreakdownCard";"Painel";"""Tamanhos""";"";"useErpDashboard";"Card / controles / gráficos → tokens UP Glass"
"UP-175";"artifacts/up-dash/src/pages/erp.tsx";"2024";"Card";"Tabela / lista / detalhe";"Painel / conteúdo";"";"useErpDashboard";"Card / controles / gráficos → tokens UP Glass"
"UP-176";"artifacts/up-dash/src/pages/erp.tsx";"2156";"Configuração de KPI";"Métrica configurada";"""Vendedores ativos""";"sellers.length";"useErpDashboard";"DashboardKpiCard → UP Glass"
"UP-177";"artifacts/up-dash/src/pages/erp.tsx";"2166";"Configuração de KPI";"Métrica configurada";"""Faturamento""";"totalRevenue";"useErpDashboard";"DashboardKpiCard → UP Glass"
"UP-178";"artifacts/up-dash/src/pages/erp.tsx";"2176";"Configuração de KPI";"Métrica configurada";"""Ticket médio""";"totalOrders ? totalRevenue / totalOrders : 0";"useErpDashboard";"DashboardKpiCard → UP Glass"
"UP-179";"artifacts/up-dash/src/pages/erp.tsx";"2186";"Configuração de KPI";"Métrica configurada";"""Clientes atendidos""";"sellers.reduce((s, r) => s + (r.customers ?? 0), 0)";"useErpDashboard";"DashboardKpiCard → UP Glass"
"UP-180";"artifacts/up-dash/src/pages/erp.tsx";"2201";"BreakdownCard";"Painel";"""Ranking de vendedores""";"";"useErpDashboard";"Card / controles / gráficos → tokens UP Glass"
"UP-181";"artifacts/up-dash/src/pages/erp.tsx";"2207";"BreakdownCard";"Painel";"""Desempenho por loja""";"";"useErpDashboard";"Card / controles / gráficos → tokens UP Glass"
"UP-182";"artifacts/up-dash/src/pages/erp.tsx";"2214";"Card";"Tabela / lista / detalhe";"Painel / conteúdo";"";"useErpDashboard";"Card / controles / gráficos → tokens UP Glass"
"UP-183";"artifacts/up-dash/src/pages/erp.tsx";"2297";"BreakdownCard";"Painel";"""Geografia de compradores""";"";"useErpDashboard";"Card / controles / gráficos → tokens UP Glass"
"UP-184";"artifacts/up-dash/src/pages/erp.tsx";"2298";"Card";"Tabela / lista / detalhe";"Painel / conteúdo";"";"useErpDashboard";"Card / controles / gráficos → tokens UP Glass"
"UP-185";"artifacts/up-dash/src/pages/extractions.tsx";"196";"GlassMetricCard";"Métrica";"""Execuções""";"{<>{data?.summary.total ?? 0}</>}";"useListClients";"DashboardKpiCard → UP Glass"
"UP-186";"artifacts/up-dash/src/pages/extractions.tsx";"197";"GlassMetricCard";"Métrica";"""Rodando""";"{<>{data?.summary.running ?? 0}</>}";"useListClients";"DashboardKpiCard → UP Glass"
"UP-187";"artifacts/up-dash/src/pages/extractions.tsx";"198";"GlassMetricCard";"Métrica";"""Concluídas""";"{<>{data?.summary.done ?? 0}</>}";"useListClients";"DashboardKpiCard → UP Glass"
"UP-188";"artifacts/up-dash/src/pages/extractions.tsx";"199";"GlassMetricCard";"Métrica";"""Falhas""";"{<>{data?.summary.failed ?? 0}</>}";"useListClients";"DashboardKpiCard → UP Glass"
"UP-189";"artifacts/up-dash/src/pages/extractions.tsx";"202";"Card";"Tabela / lista / detalhe";"<DatabaseZap className=""h-4 w-4 text-primary"" />Histórico de extrações";"";"useListClients";"Card / controles / gráficos → tokens UP Glass"
"UP-190";"artifacts/up-dash/src/pages/funnel.tsx";"244";"ActivationAnalysisCard";"Painel";"Painel / conteúdo";"";"useGetFunnel, useGetSiteVisits";"Card / controles / gráficos → tokens UP Glass"
"UP-191";"artifacts/up-dash/src/pages/funnel.tsx";"265";"Card";"Painel";"{visitStepHidden ? ""Leads → Purchases"" : ""Visitors → Purchases""}";"";"useGetFunnel, useGetSiteVisits";"Card / controles / gráficos → tokens UP Glass"
"UP-192";"artifacts/up-dash/src/pages/funnel.tsx";"305";"MiniStat";"Métrica";"{visibleSteps[0]?.label ?? ""Top of funnel""}";"{visibleSteps[0]?.count ?? 0}";"useGetFunnel, useGetSiteVisits";"DashboardKpiCard → UP Glass"
"UP-193";"artifacts/up-dash/src/pages/funnel.tsx";"313";"MiniStat";"Métrica";"""Purchases""";"{visibleSteps[visibleSteps.length - 1]?.count ?? 0}";"useGetFunnel, useGetSiteVisits";"DashboardKpiCard → UP Glass"
"UP-194";"artifacts/up-dash/src/pages/funnel.tsx";"321";"MiniStat";"Métrica";"{biggestDrop ? `Drop @ ${biggestDrop.to.label}` : ""Biggest drop""}";"{biggestDrop?.dropPct ?? 0}";"useGetFunnel, useGetSiteVisits";"DashboardKpiCard → UP Glass"
"UP-195";"artifacts/up-dash/src/pages/funnel.tsx";"330";"MiniStat";"Métrica";"""Avg events before purchase""";"{data.avgEventsBeforePurchase ?? 0}";"useGetFunnel, useGetSiteVisits";"DashboardKpiCard → UP Glass"
"UP-196";"artifacts/up-dash/src/pages/funnel.tsx";"347";"ActivationAnalysisCard";"Painel";"Painel / conteúdo";"";"useGetFunnel, useGetSiteVisits";"Card / controles / gráficos → tokens UP Glass"
"UP-197";"artifacts/up-dash/src/pages/funnel.tsx";"359";"Card";"Gráfico";"<TrendingUp className=""h-3.5 w-3.5 text-primary"" />Daily site visits &amp; conversion rate";"";"useGetFunnel, useGetSiteVisits";"Card / controles / gráficos → tokens UP Glass"
"UP-198";"artifacts/up-dash/src/pages/funnel.tsx";"497";"Card";"Gráfico";"<span className=""h-1.5 w-1.5 rounded-full bg-primary"" />Stage-by-stage flow";"";"useGetFunnel, useGetSiteVisits";"Card / controles / gráficos → tokens UP Glass"
"UP-199";"artifacts/up-dash/src/pages/funnel.tsx";"612";"Card";"Painel";"Painel / conteúdo";"";"useGetFunnel, useGetSiteVisits";"Card / controles / gráficos → tokens UP Glass"
"UP-200";"artifacts/up-dash/src/pages/funnel.tsx";"629";"Card";"Painel";"Painel / conteúdo";"";"useGetFunnel, useGetSiteVisits";"Card / controles / gráficos → tokens UP Glass"
"UP-201";"artifacts/up-dash/src/pages/funnel.tsx";"792";"Card";"Painel";"Cadastro aprovado → primeira compra";"";"useGetFunnel, useGetSiteVisits";"Card / controles / gráficos → tokens UP Glass"
"UP-202";"artifacts/up-dash/src/pages/funnel.tsx";"814";"ActivationMetric";"Métrica";"""Aprovados""";"{formatNumber(activation.approvedCustomers)}";"useGetFunnel, useGetSiteVisits";"DashboardKpiCard → UP Glass"
"UP-203";"artifacts/up-dash/src/pages/funnel.tsx";"815";"ActivationMetric";"Métrica";"""Ativação em 30 dias""";"{formatPercentage(activation.thirtyDayActivationRate)}";"useGetFunnel, useGetSiteVisits";"DashboardKpiCard → UP Glass"
"UP-204";"artifacts/up-dash/src/pages/funnel.tsx";"820";"ActivationMetric";"Métrica";"""Ticket 1ª compra""";"{formatCurrency(activation.firstPurchaseAov)}";"useGetFunnel, useGetSiteVisits";"DashboardKpiCard → UP Glass"
"UP-205";"artifacts/up-dash/src/pages/funnel.tsx";"944";"GlassMetricCard";"Métrica";"{label}";"{value}";"useGetFunnel, useGetSiteVisits";"DashboardKpiCard → UP Glass"
"UP-206";"artifacts/up-dash/src/pages/funnel.tsx";"1031";"GlassMetricCard";"Métrica";"{label}";"{value}";"useGetFunnel, useGetSiteVisits";"DashboardKpiCard → UP Glass"
"UP-207";"artifacts/up-dash/src/pages/geography.tsx";"166";"Card";"Painel";"Where your customers are{"" ""}<span className=""bg-gradient-to-r from-primary via-chart-1 to-chart-3 bg-clip-text text-transparent""> buying </span>";"";"useGetGeography";"Card / controles / gráficos → tokens UP Glass"
"UP-208";"artifacts/up-dash/src/pages/geography.tsx";"210";"HeroStat";"Métrica";"""Total revenue""";"{totalRevenue}";"useGetGeography";"DashboardKpiCard → UP Glass"
"UP-209";"artifacts/up-dash/src/pages/geography.tsx";"219";"HeroStat";"Métrica";"""States covered""";"{states.length}";"useGetGeography";"DashboardKpiCard → UP Glass"
"UP-210";"artifacts/up-dash/src/pages/geography.tsx";"227";"HeroStat";"Métrica";"""Cities""";"{cities.length}";"useGetGeography";"DashboardKpiCard → UP Glass"
"UP-211";"artifacts/up-dash/src/pages/geography.tsx";"235";"HeroStat";"Métrica";"{topState ? `Top · ${topState.state}` : ""Top market""}";"{topState?.revenue ?? 0}";"useGetGeography";"DashboardKpiCard → UP Glass"
"UP-212";"artifacts/up-dash/src/pages/geography.tsx";"258";"Card";"Gráfico";"<span className=""h-1.5 w-1.5 rounded-full bg-primary"" />Brazil revenue heat map";"";"useGetGeography";"Card / controles / gráficos → tokens UP Glass"
"UP-213";"artifacts/up-dash/src/pages/geography.tsx";"286";"Card";"Painel";"<Flame className=""h-4 w-4 text-amber-500"" />Hot markets";"";"useGetGeography";"Card / controles / gráficos → tokens UP Glass"
"UP-214";"artifacts/up-dash/src/pages/geography.tsx";"401";"Card";"Tabela / lista / detalhe";"<span className=""h-1.5 w-1.5 rounded-full bg-primary"" />{view === ""state"" ? ""All states"" : ""All cities""}";"";"useGetGeography";"Card / controles / gráficos → tokens UP Glass"
"UP-215";"artifacts/up-dash/src/pages/geography.tsx";"568";"GlassMetricCard";"Métrica";"{label}";"{value}";"useGetGeography";"DashboardKpiCard → UP Glass"
"UP-216";"artifacts/up-dash/src/pages/journey.tsx";"52";"GlassMetricCard";"Métrica";"{label}";"{value}";"useGetJourney, useGetInsight";"DashboardKpiCard → UP Glass"
"UP-217";"artifacts/up-dash/src/pages/journey.tsx";"154";"Card";"Painel";"Painel / conteúdo";"";"useGetJourney, useGetInsight";"Card / controles / gráficos → tokens UP Glass"
"UP-218";"artifacts/up-dash/src/pages/journey.tsx";"196";"KpiCard";"Métrica";"""Avg events before purchase""";"{isLoading ? ""—"" : kpis ? kpis.avgEventsBeforePurchase.toFixed(1) : ""—""}";"useGetJourney, useGetInsight";"DashboardKpiCard → UP Glass"
"UP-219";"artifacts/up-dash/src/pages/journey.tsx";"203";"KpiCard";"Métrica";"""Avg time to 1st purchase""";"{isLoading ? ""—"" : kpis?.avgTimeToFirstPurchaseDays != null ? `${kpis.avgTimeToFirstPurchaseDays.toFixed(1)}d` : ""—""}";"useGetJourney, useGetInsight";"DashboardKpiCard → UP Glass"
"UP-220";"artifacts/up-dash/src/pages/journey.tsx";"210";"KpiCard";"Métrica";"""Avg time between purchases""";"{isLoading ? ""—"" : kpis?.avgTimeBetweenPurchasesDays != null ? `${kpis.avgTimeBetweenPurchasesDays.toFixed(1)}d` : ""—""}";"useGetJourney, useGetInsight";"DashboardKpiCard → UP Glass"
"UP-221";"artifacts/up-dash/src/pages/journey.tsx";"217";"KpiCard";"Métrica";"""Buyers from 1st session""";"{isLoading ? ""—"" : kpis ? `${kpis.pctBuyersFromFirstSession.toFixed(1)}%` : ""—""}";"useGetJourney, useGetInsight";"DashboardKpiCard → UP Glass"
"UP-222";"artifacts/up-dash/src/pages/journey.tsx";"230";"Card";"Painel";"<span className=""h-1.5 w-1.5 rounded-full bg-primary"" />Event flow graph";"";"useGetJourney, useGetInsight";"Card / controles / gráficos → tokens UP Glass"
"UP-223";"artifacts/up-dash/src/pages/journey.tsx";"249";"Card";"Painel";"<span className=""h-1.5 w-1.5 rounded-full bg-chart-3"" />Top paths to purchase";"";"useGetJourney, useGetInsight";"Card / controles / gráficos → tokens UP Glass"
"UP-224";"artifacts/up-dash/src/pages/journey.tsx";"297";"Card";"Gráfico";"<span className=""h-1.5 w-1.5 rounded-full bg-chart-4"" />Buyers vs non-buyers — event comparison";"";"useGetJourney, useGetInsight";"Card / controles / gráficos → tokens UP Glass"
"UP-225";"artifacts/up-dash/src/pages/journey.tsx";"394";"Card";"Painel";"Painel / conteúdo";"";"useGetJourney, useGetInsight";"Card / controles / gráficos → tokens UP Glass"
"UP-226";"artifacts/up-dash/src/pages/login.tsx";"110";"Configuração de KPI";"Métrica configurada";"""Revenue today""";"184230 + seed * 137";"";"DashboardKpiCard → UP Glass"
"UP-227";"artifacts/up-dash/src/pages/login.tsx";"119";"Configuração de KPI";"Métrica configurada";"""Live orders""";"1284 + seed * 3";"";"DashboardKpiCard → UP Glass"
"UP-228";"artifacts/up-dash/src/pages/login.tsx";"128";"Configuração de KPI";"Métrica configurada";"""Conversion""";"3.42 + (seed % 5) * 0.04";"";"DashboardKpiCard → UP Glass"
"UP-229";"artifacts/up-dash/src/pages/login.tsx";"137";"Configuração de KPI";"Métrica configurada";"""Active users""";"8743 + seed * 11";"";"DashboardKpiCard → UP Glass"
"UP-230";"artifacts/up-dash/src/pages/marketing.tsx";"201";"GlassMetricCard";"Métrica";"{label}";"{value}";"useGetMarketing, useGetInsight";"DashboardKpiCard → UP Glass"
"UP-231";"artifacts/up-dash/src/pages/marketing.tsx";"384";"GlassMetricCard";"Métrica";"""CTR""";"{<>{formatPercentage(creative.ctr)}</>}";"useGetMarketing, useGetInsight";"DashboardKpiCard → UP Glass"
"UP-232";"artifacts/up-dash/src/pages/marketing.tsx";"385";"GlassMetricCard";"Métrica";"{costLabel}";"{<>{formatCurrency(costLabel === ""Custo/Compra"" ? creative.cpa : creative.cpl)}</>}";"useGetMarketing, useGetInsight";"DashboardKpiCard → UP Glass"
"UP-233";"artifacts/up-dash/src/pages/marketing.tsx";"386";"GlassMetricCard";"Métrica";"""Leads""";"{<>{formatNumber(creative.leads)}</>}";"useGetMarketing, useGetInsight";"DashboardKpiCard → UP Glass"
"UP-234";"artifacts/up-dash/src/pages/marketing.tsx";"387";"GlassMetricCard";"Métrica";"""Spend""";"{<>{formatCurrency(creative.spend)}</>}";"useGetMarketing, useGetInsight";"DashboardKpiCard → UP Glass"
"UP-235";"artifacts/up-dash/src/pages/marketing.tsx";"418";"Card";"Painel";"<Sparkles className=""h-4 w-4 text-muted-foreground"" />{title}";"";"useGetMarketing, useGetInsight";"Card / controles / gráficos → tokens UP Glass"
"UP-236";"artifacts/up-dash/src/pages/marketing.tsx";"428";"TopCreativeCard";"Painel";"Painel / conteúdo";"";"useGetMarketing, useGetInsight";"Card / controles / gráficos → tokens UP Glass"
"UP-237";"artifacts/up-dash/src/pages/marketing.tsx";"457";"Card";"Painel";"Painel / conteúdo";"";"useGetMarketing, useGetInsight";"Card / controles / gráficos → tokens UP Glass"
"UP-238";"artifacts/up-dash/src/pages/marketing.tsx";"757";"Card";"Painel";"No paid channel data yet";"";"useGetMarketing, useGetInsight";"Card / controles / gráficos → tokens UP Glass"
"UP-239";"artifacts/up-dash/src/pages/marketing.tsx";"793";"MktKpiCard";"Métrica";"""Ad Spend""";"{data?.kpis.totalSpend ?? 0}";"useGetMarketing, useGetInsight";"DashboardKpiCard → UP Glass"
"UP-240";"artifacts/up-dash/src/pages/marketing.tsx";"805";"MktKpiCard";"Métrica";"""Revenue""";"{data?.kpis.attributedRevenue ?? 0}";"useGetMarketing, useGetInsight";"DashboardKpiCard → UP Glass"
"UP-241";"artifacts/up-dash/src/pages/marketing.tsx";"817";"MktKpiCard";"Métrica";"""ROA""";"{data?.kpis.roas ?? 0}";"useGetMarketing, useGetInsight";"DashboardKpiCard → UP Glass"
"UP-242";"artifacts/up-dash/src/pages/marketing.tsx";"829";"MktKpiCard";"Métrica";"""Approval Rate""";"{data?.kpis.approvalRate ?? 0}";"useGetMarketing, useGetInsight";"DashboardKpiCard → UP Glass"
"UP-243";"artifacts/up-dash/src/pages/marketing.tsx";"841";"MktKpiCard";"Métrica";"""Total Leads""";"{data?.kpis.totalLeads ?? 0}";"useGetMarketing, useGetInsight";"DashboardKpiCard → UP Glass"
"UP-244";"artifacts/up-dash/src/pages/marketing.tsx";"853";"MktKpiCard";"Métrica";"{isB2C ? ""Compras"" : ""Approved Leads""}";"{data?.kpis.approvedLeads ?? 0}";"useGetMarketing, useGetInsight";"DashboardKpiCard → UP Glass"
"UP-245";"artifacts/up-dash/src/pages/marketing.tsx";"865";"MktKpiCard";"Métrica";"{isB2C ? ""Custo por Compra"" : ""CPL""}";"{isB2C ? data?.kpis.cpa ?? 0 : data?.kpis.cpl ?? 0}";"useGetMarketing, useGetInsight";"DashboardKpiCard → UP Glass"
"UP-246";"artifacts/up-dash/src/pages/marketing.tsx";"879";"MktKpiCard";"Métrica";"""CPA""";"{data?.kpis.cpa ?? 0}";"useGetMarketing, useGetInsight";"DashboardKpiCard → UP Glass"
"UP-247";"artifacts/up-dash/src/pages/marketing.tsx";"907";"Card";"Painel";"Painel / conteúdo";"";"useGetMarketing, useGetInsight";"Card / controles / gráficos → tokens UP Glass"
"UP-248";"artifacts/up-dash/src/pages/marketing.tsx";"927";"Card";"Gráfico";"<BarChart3 className=""h-4 w-4 text-muted-foreground"" />Spend vs Leads";"";"useGetMarketing, useGetInsight";"Card / controles / gráficos → tokens UP Glass"
"UP-249";"artifacts/up-dash/src/pages/marketing.tsx";"959";"Card";"Gráfico";"<TrendingUp className=""h-4 w-4 text-muted-foreground"" />ROAS Over Time";"";"useGetMarketing, useGetInsight";"Card / controles / gráficos → tokens UP Glass"
"UP-250";"artifacts/up-dash/src/pages/marketing.tsx";"997";"Card";"Gráfico";"<DollarSign className=""h-4 w-4 text-muted-foreground"" />Spend vs Revenue";"";"useGetMarketing, useGetInsight";"Card / controles / gráficos → tokens UP Glass"
"UP-251";"artifacts/up-dash/src/pages/marketing.tsx";"1043";"Card";"Painel";"<Megaphone className=""h-4 w-4 text-muted-foreground"" />By Platform";"";"useGetMarketing, useGetInsight";"Card / controles / gráficos → tokens UP Glass"
"UP-252";"artifacts/up-dash/src/pages/marketing.tsx";"1062";"Card";"Painel";"<MapPin className=""h-4 w-4 text-muted-foreground"" />Top States by ROAS";"";"useGetMarketing, useGetInsight";"Card / controles / gráficos → tokens UP Glass"
"UP-253";"artifacts/up-dash/src/pages/marketing.tsx";"1085";"Card";"Painel";"<PersonStanding className=""h-4 w-4 text-muted-foreground"" />Customer Age Groups (Paid Leads)";"";"useGetMarketing, useGetInsight";"Card / controles / gráficos → tokens UP Glass"
"UP-254";"artifacts/up-dash/src/pages/marketing.tsx";"1126";"Card";"Painel";"Campaign Performance";"";"useGetMarketing, useGetInsight";"Card / controles / gráficos → tokens UP Glass"
"UP-255";"artifacts/up-dash/src/pages/monthly-history.tsx";"233";"Card";"Tabela / lista / detalhe";"Histórico Mensal";"";"";"Card / controles / gráficos → tokens UP Glass"
"UP-256";"artifacts/up-dash/src/pages/not-found.tsx";"7";"Card";"Painel";"Painel / conteúdo";"";"";"Card / controles / gráficos → tokens UP Glass"
"UP-257";"artifacts/up-dash/src/pages/notifications.tsx";"112";"Card";"Painel";"Painel / conteúdo";"";"useListNotifications";"Card / controles / gráficos → tokens UP Glass"
"UP-258";"artifacts/up-dash/src/pages/orchestrator.tsx";"398";"Card";"Painel";"Painel / conteúdo";"";"";"Card / controles / gráficos → tokens UP Glass"
"UP-259";"artifacts/up-dash/src/pages/orchestrator.tsx";"442";"DashboardKpiCard";"Métrica";"""Marcas B2B""";"{brands.length}";"";"DashboardKpiCard → UP Glass"
"UP-260";"artifacts/up-dash/src/pages/orchestrator.tsx";"459";"DashboardKpiCard";"Métrica";"""Cadastros IA""";"{totalRegistrations}";"";"DashboardKpiCard → UP Glass"
"UP-261";"artifacts/up-dash/src/pages/orchestrator.tsx";"476";"DashboardKpiCard";"Métrica";"""Pedidos influenciados""";"{totalOrders}";"";"DashboardKpiCard → UP Glass"
"UP-262";"artifacts/up-dash/src/pages/orchestrator.tsx";"493";"DashboardKpiCard";"Métrica";"""Qualidade IA""";"{avgQuality}";"";"DashboardKpiCard → UP Glass"
"UP-263";"artifacts/up-dash/src/pages/orchestrator.tsx";"514";"Card";"Tabela / lista / detalhe";"Marcas no Orquestrador";"";"";"Card / controles / gráficos → tokens UP Glass"
"UP-264";"artifacts/up-dash/src/pages/orchestrator.tsx";"647";"Card";"Painel";"Painel / conteúdo";"";"";"Card / controles / gráficos → tokens UP Glass"
"UP-265";"artifacts/up-dash/src/pages/orchestrator.tsx";"720";"Card";"Tabela / lista / detalhe";"Cadastros criados pela IA";"";"";"Card / controles / gráficos → tokens UP Glass"
"UP-266";"artifacts/up-dash/src/pages/orchestrator.tsx";"911";"Card";"Painel";"Painel / conteúdo";"";"";"Card / controles / gráficos → tokens UP Glass"
"UP-267";"artifacts/up-dash/src/pages/orchestrator.tsx";"951";"Card";"Painel";"Painel / conteúdo";"";"";"Card / controles / gráficos → tokens UP Glass"
"UP-268";"artifacts/up-dash/src/pages/orchestrator.tsx";"976";"Card";"Painel";"Painel / conteúdo";"";"";"Card / controles / gráficos → tokens UP Glass"
"UP-269";"artifacts/up-dash/src/pages/orchestrator.tsx";"1027";"Card";"Painel";"Painel / conteúdo";"";"";"Card / controles / gráficos → tokens UP Glass"
"UP-270";"artifacts/up-dash/src/pages/orchestrator.tsx";"1031";"Card";"Painel";"<span>{automationAudience === ""internal_seller"" ? ""Nova notificação interna"" : ""Nova automação""}</span><Button type=""button"" variant=""ghost"" size=""icon"" onClick={() => setIsCreatingRule(false)} aria-label=""Cancelar nova automação"" title=""Cancelar"" > <X /> </Button>";"";"";"Card / controles / gráficos → tokens UP Glass"
"UP-271";"artifacts/up-dash/src/pages/orchestrator.tsx";"1159";"Card";"Painel";"<span className=""flex items-center gap-2""> {eventLabel} <Badge variant=""secondary"">Etapa {rule.sequence ?? 1}</Badge> </span><div className=""flex items-center gap-2 text-sm font-normal text-muted-foreground""> <span>{rule.enabled ? ""Ativa"" : ""Inativa""}</span> <Switch checked={rule.enabled} onCheckedChange={(checked) => updateRule.mutate({ ruleId: rule.id, patch: { isEnabled: checked } })} aria-label={`Ativar ${rule.name}`} /> </div>";"";"";"Card / controles / gráficos → tokens UP Glass"
"UP-272";"artifacts/up-dash/src/pages/orchestrator.tsx";"1278";"Card";"Painel";"Painel / conteúdo";"";"";"Card / controles / gráficos → tokens UP Glass"
"UP-273";"artifacts/up-dash/src/pages/orchestrator.tsx";"1330";"Card";"Painel";"Criar agente para {agentsQuery.data?.client?.name ?? ""cliente""}";"";"";"Card / controles / gráficos → tokens UP Glass"
"UP-274";"artifacts/up-dash/src/pages/orchestrator.tsx";"1373";"Card";"Painel";"<span className=""flex items-center gap-2""><Bot className=""h-4 w-4 text-primary"" />{agent.name}</span><Badge variant={agent.status === ""active"" ? ""default"" : ""outline""}>{agent.status === ""active"" ? ""Ativo"" : ""Rascunho""}</Badge>";"";"";"Card / controles / gráficos → tokens UP Glass"
"UP-275";"artifacts/up-dash/src/pages/orchestrator.tsx";"1410";"Card";"Painel";"Painel / conteúdo";"";"";"Card / controles / gráficos → tokens UP Glass"
"UP-276";"artifacts/up-dash/src/pages/orchestrator.tsx";"1424";"Card";"Painel";"Integração UP Zero";"";"";"Card / controles / gráficos → tokens UP Glass"
"UP-277";"artifacts/up-dash/src/pages/orchestrator.tsx";"1441";"Card";"Painel";"Configurações gerais";"";"";"Card / controles / gráficos → tokens UP Glass"
"UP-278";"artifacts/up-dash/src/pages/orchestrator.tsx";"1460";"Card";"Painel";"Regras comerciais editáveis";"";"";"Card / controles / gráficos → tokens UP Glass"
"UP-279";"artifacts/up-dash/src/pages/orchestrator.tsx";"1474";"Card";"Painel";"Painel / conteúdo";"";"";"Card / controles / gráficos → tokens UP Glass"
"UP-280";"artifacts/up-dash/src/pages/orchestrator.tsx";"1484";"Card";"Painel";"Painel / conteúdo";"";"";"Card / controles / gráficos → tokens UP Glass"
"UP-281";"artifacts/up-dash/src/pages/orchestrator.tsx";"1508";"Card";"Painel";"Simulador de atendimento";"";"";"Card / controles / gráficos → tokens UP Glass"
"UP-282";"artifacts/up-dash/src/pages/orchestrator.tsx";"1518";"Card";"Painel";"Resposta simulada";"";"";"Card / controles / gráficos → tokens UP Glass"
"UP-283";"artifacts/up-dash/src/pages/orchestrator.tsx";"1556";"Card";"Painel";"Webhook UP Zero";"";"";"Card / controles / gráficos → tokens UP Glass"
"UP-284";"artifacts/up-dash/src/pages/orchestrator.tsx";"1574";"Card";"Painel";"Logs da operação";"";"";"Card / controles / gráficos → tokens UP Glass"
"UP-285";"artifacts/up-dash/src/pages/orchestrator.tsx";"1662";"Card";"Painel";"Painel / conteúdo";"";"";"Card / controles / gráficos → tokens UP Glass"
"UP-286";"artifacts/up-dash/src/pages/orchestrator.tsx";"1664";"GlassMetricCard";"Métrica";"""Marca em configuração""";"{<>{clientName}</>}";"";"DashboardKpiCard → UP Glass"
"UP-287";"artifacts/up-dash/src/pages/orchestrator.tsx";"1694";"DashboardKpiCard";"Métrica";"""Conversas""";"{conversations}";"";"DashboardKpiCard → UP Glass"
"UP-288";"artifacts/up-dash/src/pages/orchestrator.tsx";"1711";"DashboardKpiCard";"Métrica";"""Cadastros""";"{registrationsCount}";"";"DashboardKpiCard → UP Glass"
"UP-289";"artifacts/up-dash/src/pages/orchestrator.tsx";"1728";"DashboardKpiCard";"Métrica";"""Pedidos""";"{orders}";"";"DashboardKpiCard → UP Glass"
"UP-290";"artifacts/up-dash/src/pages/orchestrator.tsx";"1745";"DashboardKpiCard";"Métrica";"""Handoffs""";"{0}";"";"DashboardKpiCard → UP Glass"
"UP-291";"artifacts/up-dash/src/pages/orders.tsx";"283";"Card";"Painel";"{t(""orders.selectBrand.title"", ""Selecione uma marca"")}";"";"";"Card / controles / gráficos → tokens UP Glass"
"UP-292";"artifacts/up-dash/src/pages/orders.tsx";"309";"DashboardKpiCard";"Métrica";"{isB2C ? ""Faturamento faturado"" : t(""orders.kpi.requestedRevenue"", ""Faturamento solicitado"")}";"{data?.kpis.requestedRevenue ?? 0}";"";"DashboardKpiCard → UP Glass"
"UP-293";"artifacts/up-dash/src/pages/orders.tsx";"324";"DashboardKpiCard";"Métrica";"{isB2C ? ""Faturamento pago"" : t(""orders.kpi.fulfilledRevenue"", ""Faturamento atendido"")}";"{data?.kpis.fulfilledRevenue ?? 0}";"";"DashboardKpiCard → UP Glass"
"UP-294";"artifacts/up-dash/src/pages/orders.tsx";"338";"DashboardKpiCard";"Métrica";"{isB2C ? ""Peças faturadas"" : t(""orders.kpi.requestedQuantity"", ""Peças solicitadas"")}";"{data?.kpis.requestedQuantity ?? 0}";"";"DashboardKpiCard → UP Glass"
"UP-295";"artifacts/up-dash/src/pages/orders.tsx";"352";"DashboardKpiCard";"Métrica";"{isB2C ? ""Peças pagas"" : t(""orders.kpi.fulfilledQuantity"", ""Peças atendidas"")}";"{data?.kpis.fulfilledQuantity ?? 0}";"";"DashboardKpiCard → UP Glass"
"UP-296";"artifacts/up-dash/src/pages/orders.tsx";"366";"DashboardKpiCard";"Métrica";"{isB2C ? ""% Pago"" : t(""orders.kpi.fulfilledPct"", ""% de atendido"")}";"{data?.kpis.fulfilledPct ?? 0}";"";"DashboardKpiCard → UP Glass"
"UP-297";"artifacts/up-dash/src/pages/orders.tsx";"381";"DashboardKpiCard";"Métrica";"{t(""orders.kpi.orders"", ""Qtd de pedidos"")}";"{data?.kpis.orders ?? 0}";"";"DashboardKpiCard → UP Glass"
"UP-298";"artifacts/up-dash/src/pages/orders.tsx";"395";"DashboardKpiCard";"Métrica";"{isB2C ? ""Novos compradores"" : t(""orders.kpi.newCustomers"", ""Clientes novos"")}";"{data?.kpis.newCustomers ?? 0}";"";"DashboardKpiCard → UP Glass"
"UP-299";"artifacts/up-dash/src/pages/orders.tsx";"409";"DashboardKpiCard";"Métrica";"{isB2C ? ""Recompradores"" : t(""orders.kpi.returningCustomers"", ""Clientes recorrentes"")}";"{data?.kpis.returningCustomers ?? 0}";"";"DashboardKpiCard → UP Glass"
"UP-300";"artifacts/up-dash/src/pages/orders.tsx";"423";"DashboardKpiCard";"Métrica";"{t(""orders.kpi.retentionPct"", ""% de retenção"")}";"{data?.kpis.retentionPct ?? 0}";"";"DashboardKpiCard → UP Glass"
"UP-301";"artifacts/up-dash/src/pages/orders.tsx";"438";"DashboardKpiCard";"Métrica";"{t(""orders.kpi.conversionPct"", ""% de conversão"")}";"{data?.kpis.conversionPct ?? 0}";"";"DashboardKpiCard → UP Glass"
"UP-302";"artifacts/up-dash/src/pages/orders.tsx";"457";"Card";"Tabela / lista / detalhe";"<ShoppingBag className=""h-4 w-4 text-primary"" />{t(""orders.list.title"", ""Lista de pedidos"")}";"";"";"Card / controles / gráficos → tokens UP Glass"
"UP-303";"artifacts/up-dash/src/pages/orders.tsx";"608";"GlassMetricCard";"Métrica";"{isB2C ? ""Valor faturado"" : ""Valor solicitado""}";"{<>{formatCurrency(details.order.amount)}</>}";"";"DashboardKpiCard → UP Glass"
"UP-304";"artifacts/up-dash/src/pages/orders.tsx";"609";"GlassMetricCard";"Métrica";"{isB2C ? ""Valor pago"" : ""Valor atendido""}";"{<>{formatCurrency(details.order.fulfilledAmount)}</>}";"";"DashboardKpiCard → UP Glass"
"UP-305";"artifacts/up-dash/src/pages/orders.tsx";"610";"GlassMetricCard";"Métrica";"{isB2C ? ""Peças faturadas"" : ""Peças solicitadas""}";"{<>{formatNumber(details.order.requestedQuantity)}</>}";"";"DashboardKpiCard → UP Glass"
"UP-306";"artifacts/up-dash/src/pages/orders.tsx";"611";"GlassMetricCard";"Métrica";"{isB2C ? ""Peças pagas"" : ""Peças atendidas""}";"{<>{formatNumber(details.order.fulfilledQuantity)}</>}";"";"DashboardKpiCard → UP Glass"
"UP-307";"artifacts/up-dash/src/pages/orders.tsx";"661";"GlassMetricCard";"Métrica";"{isB2C ? ""Faturada"" : ""Solicitada""}";"{<>{formatNumber(item.quantity)}</>}";"";"DashboardKpiCard → UP Glass"
"UP-308";"artifacts/up-dash/src/pages/orders.tsx";"662";"GlassMetricCard";"Métrica";"{isB2C ? ""Paga"" : ""Atendida""}";"{<>{formatNumber(item.fulfilledQuantity)}</>}";"";"DashboardKpiCard → UP Glass"
"UP-309";"artifacts/up-dash/src/pages/orders.tsx";"663";"GlassMetricCard";"Métrica";"""Valor""";"{<>{formatCurrency(item.priceAtSale)}</>}";"";"DashboardKpiCard → UP Glass"
"UP-310";"artifacts/up-dash/src/pages/organized-pages.tsx";"35";"Metrics";"Métrica";"{pick( ""acquisitionRevenue"", ""acquisitionTicket"", ""acquisitionOrders"", ""newCustomers"", )}";"";"useOrganizationData";"DashboardKpiCard → UP Glass"
"UP-311";"artifacts/up-dash/src/pages/organized-pages.tsx";"45";"Metrics";"Métrica";"{pick(""cac"", ""costRegistration"", ""costApproved"", ""spend"")}";"";"useOrganizationData";"DashboardKpiCard → UP Glass"
"UP-312";"artifacts/up-dash/src/pages/organized-pages.tsx";"50";"Metrics";"Métrica";"{pick(""approved"", ""approvedConverted"", ""approvedConversion"")}";"";"useOrganizationData";"DashboardKpiCard → UP Glass"
"UP-313";"artifacts/up-dash/src/pages/organized-pages.tsx";"55";"Metrics";"Métrica";"{pick(""firstPurchaseAverage"", ""firstPurchaseMedian"")}";"";"useOrganizationData";"DashboardKpiCard → UP Glass"
"UP-314";"artifacts/up-dash/src/pages/organized-pages.tsx";"66";"Card";"Gráfico";"{title}";"";"useOrganizationData";"Card / controles / gráficos → tokens UP Glass"
"UP-315";"artifacts/up-dash/src/pages/organized-pages.tsx";"135";"Metrics";"Métrica";"{pick( ""spend"", ""requestedRoas"", ""paidRoas"", ""approvedConversion"", )}";"";"useOrganizationData";"DashboardKpiCard → UP Glass"
"UP-316";"artifacts/up-dash/src/pages/organized-pages.tsx";"144";"Card";"Gráfico";"Funil de Conversão";"";"useOrganizationData";"Card / controles / gráficos → tokens UP Glass"
"UP-317";"artifacts/up-dash/src/pages/organized-pages.tsx";"183";"GlassMetricCard";"Métrica";"{stage.label}";"{stage.value == null ? ""—"" : stage.currency ? formatCurrency(stage.value) : formatNumber(stage.value)}";"useOrganizationData";"DashboardKpiCard → UP Glass"
"UP-318";"artifacts/up-dash/src/pages/organized-pages.tsx";"207";"Metrics";"Métrica";"{pick( ""metaSpend"", ""impressions"", ""reach"", ""frequency"", ""clicks"", ""ctr"", ""cpc"", ""cpm"", ""metaPurchases"", ""metaCpa"", ""metaRoas"", )}";"";"useOrganizationData";"DashboardKpiCard → UP Glass"
"UP-319";"artifacts/up-dash/src/pages/overview.tsx";"127";"GlassMetricCard";"Métrica";"{label}";"{value}";"useListClients, useGetAdminOverview";"DashboardKpiCard → UP Glass"
"UP-320";"artifacts/up-dash/src/pages/overview.tsx";"189";"Card";"Painel";"{title}";"";"useListClients, useGetAdminOverview";"Card / controles / gráficos → tokens UP Glass"
"UP-321";"artifacts/up-dash/src/pages/overview.tsx";"417";"Card";"Painel";"Clients in platform totals";"";"useListClients, useGetAdminOverview";"Card / controles / gráficos → tokens UP Glass"
"UP-322";"artifacts/up-dash/src/pages/overview.tsx";"497";"KpiTile";"Métrica";"""Platform revenue""";"{kpis?.revenue ?? 0}";"useListClients, useGetAdminOverview";"DashboardKpiCard → UP Glass"
"UP-323";"artifacts/up-dash/src/pages/overview.tsx";"508";"KpiTile";"Métrica";"""Platform orders""";"{kpis?.orders ?? 0}";"useListClients, useGetAdminOverview";"DashboardKpiCard → UP Glass"
"UP-324";"artifacts/up-dash/src/pages/overview.tsx";"519";"KpiTile";"Métrica";"""Active customers""";"{kpis?.customers ?? 0}";"useListClients, useGetAdminOverview";"DashboardKpiCard → UP Glass"
"UP-325";"artifacts/up-dash/src/pages/overview.tsx";"530";"KpiTile";"Métrica";"""Active brands""";"{kpis?.activeClients ?? 0}";"useListClients, useGetAdminOverview";"DashboardKpiCard → UP Glass"
"UP-326";"artifacts/up-dash/src/pages/overview.tsx";"542";"KpiTile";"Métrica";"""Platform AOV""";"{kpis?.avgOrderValue ?? 0}";"useListClients, useGetAdminOverview";"DashboardKpiCard → UP Glass"
"UP-327";"artifacts/up-dash/src/pages/overview.tsx";"562";"KpiTile";"Métrica";"""Ad spend""";"{kpis?.adSpend ?? 0}";"useListClients, useGetAdminOverview";"DashboardKpiCard → UP Glass"
"UP-328";"artifacts/up-dash/src/pages/overview.tsx";"573";"KpiTile";"Métrica";"""Global ROAS""";"{kpis?.roas ?? 0}";"useListClients, useGetAdminOverview";"DashboardKpiCard → UP Glass"
"UP-329";"artifacts/up-dash/src/pages/overview.tsx";"584";"KpiTile";"Métrica";"""Total leads""";"{kpis?.totalLeads ?? 0}";"useListClients, useGetAdminOverview";"DashboardKpiCard → UP Glass"
"UP-330";"artifacts/up-dash/src/pages/overview.tsx";"595";"KpiTile";"Métrica";"""Approved leads""";"{kpis?.approvedLeads ?? 0}";"useListClients, useGetAdminOverview";"DashboardKpiCard → UP Glass"
"UP-331";"artifacts/up-dash/src/pages/overview.tsx";"608";"Card";"Gráfico";"Platform-wide trend";"";"useListClients, useGetAdminOverview";"Card / controles / gráficos → tokens UP Glass"
"UP-332";"artifacts/up-dash/src/pages/overview.tsx";"730";"LeaderboardCard";"Painel";"""Top performers""";"";"useListClients, useGetAdminOverview";"Card / controles / gráficos → tokens UP Glass"
"UP-333";"artifacts/up-dash/src/pages/overview.tsx";"742";"LeaderboardCard";"Painel";"""Top growth""";"";"useListClients, useGetAdminOverview";"Card / controles / gráficos → tokens UP Glass"
"UP-334";"artifacts/up-dash/src/pages/overview.tsx";"754";"LeaderboardCard";"Painel";"""Needs attention""";"";"useListClients, useGetAdminOverview";"Card / controles / gráficos → tokens UP Glass"
"UP-335";"artifacts/up-dash/src/pages/overview.tsx";"768";"Card";"Painel";"Selected brands";"";"useListClients, useGetAdminOverview";"Card / controles / gráficos → tokens UP Glass"
"UP-336";"artifacts/up-dash/src/pages/performance-recompra.tsx";"206";"GlassMetricCard";"Métrica";"{title}";"{mainValue}";"";"DashboardKpiCard → UP Glass"
"UP-337";"artifacts/up-dash/src/pages/performance-recompra.tsx";"406";"PeriodCalendarCard";"Painel";"Painel / conteúdo";"";"";"Card / controles / gráficos → tokens UP Glass"
"UP-338";"artifacts/up-dash/src/pages/performance-recompra.tsx";"724";"Card";"Painel";"Painel / conteúdo";"";"";"Card / controles / gráficos → tokens UP Glass"
"UP-339";"artifacts/up-dash/src/pages/performance-recompra.tsx";"805";"RecompraBlockCard";"Métrica";"""Resultado de recompra""";"{blocksLoading ? ""…"" : formatMaybeCurrency(recompraData?.blocks.recompra.faturamento ?? null)}";"";"DashboardKpiCard → UP Glass"
"UP-340";"artifacts/up-dash/src/pages/performance-recompra.tsx";"816";"Configuração de KPI";"Métrica configurada";"""Vendas de recompra""";"blocksLoading ? ""…"" : formatNumber(recompraData?.blocks.recompra.vendas ?? 0)";"";"DashboardKpiCard → UP Glass"
"UP-341";"artifacts/up-dash/src/pages/performance-recompra.tsx";"817";"Configuração de KPI";"Métrica configurada";"""Ticket médio""";"blocksLoading ? ""…"" : formatMaybeCurrency(recompraData?.blocks.recompra.ticketMedio ?? null)";"";"DashboardKpiCard → UP Glass"
"UP-342";"artifacts/up-dash/src/pages/performance-recompra.tsx";"818";"Configuração de KPI";"Métrica configurada";"""Clientes em recompra""";"blocksLoading ? ""…"" : formatNumber(recompraData?.blocks.recompra.clientes ?? 0)";"";"DashboardKpiCard → UP Glass"
"UP-343";"artifacts/up-dash/src/pages/performance-recompra.tsx";"821";"RecompraBlockCard";"Métrica";"""Clientes recorrentes""";"{blocksLoading ? ""…"" : formatNumber(recompraData?.blocks.recorrentes.clientes ?? 0)}";"";"DashboardKpiCard → UP Glass"
"UP-344";"artifacts/up-dash/src/pages/performance-recompra.tsx";"832";"Configuração de KPI";"Métrica configurada";"""Vendas recorrentes""";"blocksLoading ? ""…"" : formatNumber(recompraData?.blocks.recorrentes.vendas ?? 0)";"";"DashboardKpiCard → UP Glass"
"UP-345";"artifacts/up-dash/src/pages/performance-recompra.tsx";"833";"Configuração de KPI";"Métrica configurada";"""Faturamento recorrente""";"blocksLoading ? ""…"" : formatMaybeCurrency(recompraData?.blocks.recorrentes.faturamento ?? null)";"";"DashboardKpiCard → UP Glass"
"UP-346";"artifacts/up-dash/src/pages/performance-recompra.tsx";"834";"Configuração de KPI";"Métrica configurada";"""Ticket médio recorrente""";"blocksLoading ? ""…"" : formatMaybeCurrency(recompraData?.blocks.recorrentes.ticketMedio ?? null)";"";"DashboardKpiCard → UP Glass"
"UP-347";"artifacts/up-dash/src/pages/performance-recompra.tsx";"837";"RecompraBlockCard";"Métrica";"""Clientes reativados""";"{blocksLoading ? ""…"" : formatNumber(recompraData?.blocks.reativados.clientes ?? 0)}";"";"DashboardKpiCard → UP Glass"
"UP-348";"artifacts/up-dash/src/pages/performance-recompra.tsx";"848";"Configuração de KPI";"Métrica configurada";"""Vendas reativadas""";"blocksLoading ? ""…"" : formatNumber(recompraData?.blocks.reativados.vendas ?? 0)";"";"DashboardKpiCard → UP Glass"
"UP-349";"artifacts/up-dash/src/pages/performance-recompra.tsx";"849";"Configuração de KPI";"Métrica configurada";"""Faturamento reativado""";"blocksLoading ? ""…"" : formatMaybeCurrency(recompraData?.blocks.reativados.faturamento ?? null)";"";"DashboardKpiCard → UP Glass"
"UP-350";"artifacts/up-dash/src/pages/performance-recompra.tsx";"850";"Configuração de KPI";"Métrica configurada";"""Ticket médio reativado""";"blocksLoading ? ""…"" : formatMaybeCurrency(recompraData?.blocks.reativados.ticketMedio ?? null)";"";"DashboardKpiCard → UP Glass"
"UP-351";"artifacts/up-dash/src/pages/performance-recompra.tsx";"853";"RecompraBlockCard";"Métrica";"""Ciclo de recompra""";"{blocksLoading ? ""…"" : formatMaybeDays(recompraData?.blocks.ciclo.tempoMedioDias ?? null)}";"";"DashboardKpiCard → UP Glass"
"UP-352";"artifacts/up-dash/src/pages/performance-recompra.tsx";"865";"Configuração de KPI";"Métrica configurada";"""Mediana entre compras""";"blocksLoading ? ""…"" : formatMaybeDays(recompraData?.blocks.ciclo.medianaDias ?? null)";"";"DashboardKpiCard → UP Glass"
"UP-353";"artifacts/up-dash/src/pages/performance-recompra.tsx";"866";"Configuração de KPI";"Métrica configurada";"""% recorrente""";"blocksLoading ? ""…"" : formatMaybePercentage(recompraData?.blocks.ciclo.pctRecorrente ?? null)";"";"DashboardKpiCard → UP Glass"
"UP-354";"artifacts/up-dash/src/pages/performance-recompra.tsx";"867";"Configuração de KPI";"Métrica configurada";"""% reativado""";"blocksLoading ? ""…"" : formatMaybePercentage(recompraData?.blocks.ciclo.pctReativado ?? null)";"";"DashboardKpiCard → UP Glass"
"UP-355";"artifacts/up-dash/src/pages/performance-recompra.tsx";"887";"Card";"Gráfico";"Resultado de recompra";"";"";"Card / controles / gráficos → tokens UP Glass"
"UP-356";"artifacts/up-dash/src/pages/performance-recompra.tsx";"911";"Card";"Gráfico";"Volume de recompra";"";"";"Card / controles / gráficos → tokens UP Glass"
"UP-357";"artifacts/up-dash/src/pages/performance-recompra.tsx";"934";"Card";"Gráfico";"Recorrentes x Reativados";"";"";"Card / controles / gráficos → tokens UP Glass"
"UP-358";"artifacts/up-dash/src/pages/performance-recompra.tsx";"961";"Card";"Gráfico";"Intervalo entre compras";"";"";"Card / controles / gráficos → tokens UP Glass"
"UP-359";"artifacts/up-dash/src/pages/performance-recompra.tsx";"1005";"Card";"Tabela / lista / detalhe";"Análise de coorte de recompra";"";"";"Card / controles / gráficos → tokens UP Glass"
"UP-360";"artifacts/up-dash/src/pages/performance-recompra.tsx";"1045";"Card";"Gráfico";"Retenção por número de compra";"";"";"Card / controles / gráficos → tokens UP Glass"
"UP-361";"artifacts/up-dash/src/pages/performance-recompra.tsx";"1078";"Card";"Tabela / lista / detalhe";"Desempenho por vendedora";"";"";"Card / controles / gráficos → tokens UP Glass"
"UP-362";"artifacts/up-dash/src/pages/performance-recompra.tsx";"1126";"Card";"Tabela / lista / detalhe";"Detalhamento de recompra";"";"";"Card / controles / gráficos → tokens UP Glass"
"UP-363";"artifacts/up-dash/src/pages/performance.tsx";"452";"Card";"Gráfico";"{title}";"";"";"Card / controles / gráficos → tokens UP Glass"
"UP-364";"artifacts/up-dash/src/pages/performance.tsx";"693";"Configuração de KPI";"Métrica configurada";"""Faturamento ERP""";"k?.netRevenue ?? 0";"";"DashboardKpiCard → UP Glass"
"UP-365";"artifacts/up-dash/src/pages/performance.tsx";"702";"Configuração de KPI";"Métrica configurada";"""Receita atribuída""";"k?.attributedRevenue ?? 0";"";"DashboardKpiCard → UP Glass"
"UP-366";"artifacts/up-dash/src/pages/performance.tsx";"716";"Configuração de KPI";"Métrica configurada";"""Investimento""";"k?.mediaSpend ?? 0";"";"DashboardKpiCard → UP Glass"
"UP-367";"artifacts/up-dash/src/pages/performance.tsx";"725";"Configuração de KPI";"Métrica configurada";"""ROAS atribuído""";"k?.roas ?? 0";"";"DashboardKpiCard → UP Glass"
"UP-368";"artifacts/up-dash/src/pages/performance.tsx";"734";"Configuração de KPI";"Métrica configurada";"""MER geral""";"k?.mer ?? 0";"";"DashboardKpiCard → UP Glass"
"UP-369";"artifacts/up-dash/src/pages/performance.tsx";"743";"Configuração de KPI";"Métrica configurada";"""Lucro bruto""";"k?.grossProfit ?? 0";"";"DashboardKpiCard → UP Glass"
"UP-370";"artifacts/up-dash/src/pages/performance.tsx";"755";"Configuração de KPI";"Métrica configurada";"""ROI final""";"k?.roi ?? 0";"";"DashboardKpiCard → UP Glass"
"UP-371";"artifacts/up-dash/src/pages/performance.tsx";"769";"Configuração de KPI";"Métrica configurada";"""Ticket médio""";"k?.averageTicket ?? 0";"";"DashboardKpiCard → UP Glass"
"UP-372";"artifacts/up-dash/src/pages/performance.tsx";"783";"Configuração de KPI";"Métrica configurada";"""Pedidos ERP""";"k?.orders ?? 0";"";"DashboardKpiCard → UP Glass"
"UP-373";"artifacts/up-dash/src/pages/performance.tsx";"792";"Configuração de KPI";"Métrica configurada";"""Pedidos atribuídos""";"k?.attributedOrders ?? 0";"";"DashboardKpiCard → UP Glass"
"UP-374";"artifacts/up-dash/src/pages/performance.tsx";"807";"Configuração de KPI";"Métrica configurada";"""Compradores únicos""";"k?.uniqueBuyers ?? 0";"";"DashboardKpiCard → UP Glass"
"UP-375";"artifacts/up-dash/src/pages/performance.tsx";"818";"Configuração de KPI";"Métrica configurada";"""Clientes novos""";"k?.newBuyers ?? 0";"";"DashboardKpiCard → UP Glass"
"UP-376";"artifacts/up-dash/src/pages/performance.tsx";"832";"Configuração de KPI";"Métrica configurada";"""Clientes recorrentes""";"k?.returningBuyers ?? 0";"";"DashboardKpiCard → UP Glass"
"UP-377";"artifacts/up-dash/src/pages/performance.tsx";"843";"Configuração de KPI";"Métrica configurada";"""CAC""";"k?.cac ?? 0";"";"DashboardKpiCard → UP Glass"
"UP-378";"artifacts/up-dash/src/pages/performance.tsx";"852";"Configuração de KPI";"Métrica configurada";"""CTR""";"k?.ctr ?? 0";"";"DashboardKpiCard → UP Glass"
"UP-379";"artifacts/up-dash/src/pages/performance.tsx";"861";"Configuração de KPI";"Métrica configurada";"""CPL""";"k?.cpl ?? 0";"";"DashboardKpiCard → UP Glass"
"UP-380";"artifacts/up-dash/src/pages/performance.tsx";"1027";"DashboardKpiCard";"Métrica";"Painel / conteúdo";"";"";"DashboardKpiCard → UP Glass"
"UP-381";"artifacts/up-dash/src/pages/performance.tsx";"1045";"Card";"Gráfico";"Painel / conteúdo";"";"";"Card / controles / gráficos → tokens UP Glass"
"UP-382";"artifacts/up-dash/src/pages/performance.tsx";"1109";"Card";"Tabela / lista / detalhe";"Painel / conteúdo";"";"";"Card / controles / gráficos → tokens UP Glass"
"UP-383";"artifacts/up-dash/src/pages/performance.tsx";"1149";"Card";"Tabela / lista / detalhe";"Painel / conteúdo";"";"";"Card / controles / gráficos → tokens UP Glass"
"UP-384";"artifacts/up-dash/src/pages/performance.tsx";"1186";"GlassMetricCard";"Métrica";"{COHORT_LABEL[cohort]}";"{<>{formatNumber(summary?.clientes ?? 0)}{"" ""}<span className=""text-xs font-normal text-muted-foreground""> {formatPercentage(pct)} </span></>}";"";"DashboardKpiCard → UP Glass"
"UP-385";"artifacts/up-dash/src/pages/performance.tsx";"1285";"DashboardKpiCard";"Métrica";"Painel / conteúdo";"";"";"DashboardKpiCard → UP Glass"
"UP-386";"artifacts/up-dash/src/pages/performance.tsx";"1307";"DashboardKpiCard";"Métrica";"Painel / conteúdo";"";"";"DashboardKpiCard → UP Glass"
"UP-387";"artifacts/up-dash/src/pages/performance.tsx";"1321";"Card";"Painel";"Painel / conteúdo";"";"";"Card / controles / gráficos → tokens UP Glass"
"UP-388";"artifacts/up-dash/src/pages/performance.tsx";"1370";"GlassMetricCard";"Métrica";"{item.label}";"{<>{formatNumber(item.value)}</>}";"";"DashboardKpiCard → UP Glass"
"UP-389";"artifacts/up-dash/src/pages/performance.tsx";"1378";"Card";"Painel";"Painel / conteúdo";"";"";"Card / controles / gráficos → tokens UP Glass"
"UP-390";"artifacts/up-dash/src/pages/performance.tsx";"1387";"GlassMetricCard";"Métrica";"{stage.label}";"{stage.value}";"";"DashboardKpiCard → UP Glass"
"UP-391";"artifacts/up-dash/src/pages/performance.tsx";"1401";"Card";"Tabela / lista / detalhe";"Painel / conteúdo";"";"";"Card / controles / gráficos → tokens UP Glass"
"UP-392";"artifacts/up-dash/src/pages/performance.tsx";"1497";"BreakdownCard";"Painel";"""Vendas por cor""";"";"";"Card / controles / gráficos → tokens UP Glass"
"UP-393";"artifacts/up-dash/src/pages/performance.tsx";"1502";"BreakdownCard";"Painel";"""Vendas por tamanho""";"";"";"Card / controles / gráficos → tokens UP Glass"
"UP-394";"artifacts/up-dash/src/pages/performance.tsx";"1507";"BreakdownCard";"Painel";"""Vendas por estado""";"";"";"Card / controles / gráficos → tokens UP Glass"
"UP-395";"artifacts/up-dash/src/pages/performance.tsx";"1514";"Card";"Tabela / lista / detalhe";"Painel / conteúdo";"";"";"Card / controles / gráficos → tokens UP Glass"
"UP-396";"artifacts/up-dash/src/pages/performance.tsx";"1610";"Card";"Tabela / lista / detalhe";"Painel / conteúdo";"";"";"Card / controles / gráficos → tokens UP Glass"
"UP-397";"artifacts/up-dash/src/pages/performance.tsx";"1701";"Card";"Tabela / lista / detalhe";"Painel / conteúdo";"";"";"Card / controles / gráficos → tokens UP Glass"
"UP-398";"artifacts/up-dash/src/pages/performance.tsx";"1760";"GlassMetricCard";"Métrica";"""Pedidos no período""";"{<>{formatNumber(filteredStats.pedidosNoPeriodo)}</>}";"";"DashboardKpiCard → UP Glass"
"UP-399";"artifacts/up-dash/src/pages/performance.tsx";"1761";"GlassMetricCard";"Métrica";"""Valor total""";"{<>{formatCurrency(filteredStats.valorTotal)}</>}";"";"DashboardKpiCard → UP Glass"
"UP-400";"artifacts/up-dash/src/pages/performance.tsx";"1762";"GlassMetricCard";"Métrica";"""Pedidos atribuídos""";"{<>{formatNumber(filteredStats.pedidosAtribuidos)}</>}";"";"DashboardKpiCard → UP Glass"
"UP-401";"artifacts/up-dash/src/pages/performance.tsx";"1763";"GlassMetricCard";"Métrica";"""Receita atribuída""";"{<>{formatCurrency(filteredStats.receitaAtribuida)}{"" ""}<span className=""text-xs font-normal text-muted-foreground""> {formatPercentage( filteredStats.valorTotal > 0 ? (filteredStats.receitaAtribuida / filteredStats.valorTotal) * 100 : 0, )} </span></>}";"";"DashboardKpiCard → UP Glass"
"UP-402";"artifacts/up-dash/src/pages/performance.tsx";"1770";"GlassMetricCard";"Métrica";"""Faturamento pago atribuído""";"{<>{formatCurrency(filteredStats.faturamentoPago)}</>}";"";"DashboardKpiCard → UP Glass"
"UP-403";"artifacts/up-dash/src/pages/product-detail.tsx";"78";"GlassMetricCard";"Métrica";"{label}";"{value}";"useGetProductDetail, useGetProductCustomers";"DashboardKpiCard → UP Glass"
"UP-404";"artifacts/up-dash/src/pages/product-detail.tsx";"220";"Card";"Painel";"{product.name}";"";"useGetProductDetail, useGetProductCustomers";"Card / controles / gráficos → tokens UP Glass"
"UP-405";"artifacts/up-dash/src/pages/product-detail.tsx";"273";"KpiTile";"Métrica";"""Revenue (lifetime)""";"{formatCurrency(kpis.totalRevenue)}";"useGetProductDetail, useGetProductCustomers";"DashboardKpiCard → UP Glass"
"UP-406";"artifacts/up-dash/src/pages/product-detail.tsx";"274";"KpiTile";"Métrica";"""Units sold""";"{formatNumber(kpis.totalUnitsSold)}";"useGetProductDetail, useGetProductCustomers";"DashboardKpiCard → UP Glass"
"UP-407";"artifacts/up-dash/src/pages/product-detail.tsx";"275";"KpiTile";"Métrica";"""Avg ticket""";"{formatCurrency(kpis.avgTicket)}";"useGetProductDetail, useGetProductCustomers";"DashboardKpiCard → UP Glass"
"UP-408";"artifacts/up-dash/src/pages/product-detail.tsx";"276";"KpiTile";"Métrica";"""Sell-through""";"{`${Math.round((product?.percentSold ?? 0) * 100)}%`}";"useGetProductDetail, useGetProductCustomers";"DashboardKpiCard → UP Glass"
"UP-409";"artifacts/up-dash/src/pages/product-detail.tsx";"286";"Card";"Gráfico";"<TrendingUp className=""h-4 w-4"" />Revenue over time";"";"useGetProductDetail, useGetProductCustomers";"Card / controles / gráficos → tokens UP Glass"
"UP-410";"artifacts/up-dash/src/pages/product-detail.tsx";"366";"Card";"Gráfico";"Painel / conteúdo";"";"useGetProductDetail, useGetProductCustomers";"Card / controles / gráficos → tokens UP Glass"
"UP-411";"artifacts/up-dash/src/pages/product-detail.tsx";"384";"Card";"Tabela / lista / detalhe";"<Users className=""h-4 w-4"" />Top Buyers";"";"useGetProductDetail, useGetProductCustomers";"Card / controles / gráficos → tokens UP Glass"
"UP-412";"artifacts/up-dash/src/pages/products.tsx";"409";"GlassMetricCard";"Métrica";"""Sales Power""";"{<>{formatCurrency(summary?.salesPower ?? 0)}</>}";"useGetProductsSummary, useGetInsight, useGetProducts";"DashboardKpiCard → UP Glass"
"UP-413";"artifacts/up-dash/src/pages/products.tsx";"410";"GlassMetricCard";"Métrica";"""vs Prior Period""";"{summary?.salesPowerChangePct != null ? ( <span className={`text-2xl font-bold tabular-nums ${summary.salesPowerChangePct >= 0 ? ""text-emerald-500"" : ""text-red-500""}`}> {summary.salesPowerChangePct >= 0 ? ""+"" : """"}{summary.salesPowerChangePct.toFixed(1)}% </span> ) : ( <span className=""text-2xl font-bold text-muted-foreground"">—</span> )}";"useGetProductsSummary, useGetInsight, useGetProducts";"DashboardKpiCard → UP Glass"
"UP-414";"artifacts/up-dash/src/pages/products.tsx";"417";"GlassMetricCard";"Métrica";"""Active SKUs""";"{<>{formatNumber(summary?.activeSkus ?? 0)}</>}";"useGetProductsSummary, useGetInsight, useGetProducts";"DashboardKpiCard → UP Glass"
"UP-415";"artifacts/up-dash/src/pages/products.tsx";"418";"GlassMetricCard";"Métrica";"""Period""";"{<>{summary?.periodDays ?? 30}d</>}";"useGetProductsSummary, useGetInsight, useGetProducts";"DashboardKpiCard → UP Glass"
"UP-416";"artifacts/up-dash/src/pages/products.tsx";"427";"Card";"Painel";"{insight.headline}";"";"useGetProductsSummary, useGetInsight, useGetProducts";"Card / controles / gráficos → tokens UP Glass"
"UP-417";"artifacts/up-dash/src/pages/products.tsx";"489";"Card";"Painel";"Painel / conteúdo";"";"useGetProductsSummary, useGetInsight, useGetProducts";"Card / controles / gráficos → tokens UP Glass"
"UP-418";"artifacts/up-dash/src/pages/products.tsx";"581";"Card";"Tabela / lista / detalhe";"Painel / conteúdo";"";"useGetProductsSummary, useGetInsight, useGetProducts";"Card / controles / gráficos → tokens UP Glass"
"UP-419";"artifacts/up-dash/src/pages/products.tsx";"726";"GlassMetricCard";"Métrica";"""Vendidos""";"{<>{formatNumber(selectedProduct.totalSold)}</>}";"useGetProductsSummary, useGetInsight, useGetProducts";"DashboardKpiCard → UP Glass"
"UP-420";"artifacts/up-dash/src/pages/products.tsx";"727";"GlassMetricCard";"Métrica";"""Receita""";"{<>{formatCurrency(selectedProduct.totalRevenue)}</>}";"useGetProductsSummary, useGetInsight, useGetProducts";"DashboardKpiCard → UP Glass"
"UP-421";"artifacts/up-dash/src/pages/products.tsx";"728";"GlassMetricCard";"Métrica";"""Estoque""";"{<>{formatNumber(selectedProduct.stock)}</>}";"useGetProductsSummary, useGetInsight, useGetProducts";"DashboardKpiCard → UP Glass"
"UP-422";"artifacts/up-dash/src/pages/rfm.tsx";"158";"GlassMetricCard";"Métrica";"{title}";"{value}";"useGetRfm, useGetInsight";"DashboardKpiCard → UP Glass"
"UP-423";"artifacts/up-dash/src/pages/rfm.tsx";"282";"Card";"Painel";"Painel / conteúdo";"";"useGetRfm, useGetInsight";"Card / controles / gráficos → tokens UP Glass"
"UP-424";"artifacts/up-dash/src/pages/rfm.tsx";"324";"RfmLogicCard";"Métrica";"""Recência""";"{isLoading ? ""—"" : `${Math.round(avgRecency)}d`}";"useGetRfm, useGetInsight";"DashboardKpiCard → UP Glass"
"UP-425";"artifacts/up-dash/src/pages/rfm.tsx";"331";"RfmLogicCard";"Métrica";"""Frequência""";"{isLoading ? ""—"" : formatNumber(Math.round(avgFrequency))}";"useGetRfm, useGetInsight";"DashboardKpiCard → UP Glass"
"UP-426";"artifacts/up-dash/src/pages/rfm.tsx";"338";"RfmLogicCard";"Métrica";"""Monetário""";"{isLoading ? ""—"" : formatCurrency(avgMonetary)}";"useGetRfm, useGetInsight";"DashboardKpiCard → UP Glass"
"UP-427";"artifacts/up-dash/src/pages/rfm.tsx";"361";"GlassMetricCard";"Métrica";"{meta.label}";"{segData?.customerCount ?? 0}";"useGetRfm, useGetInsight";"DashboardKpiCard → UP Glass"
"UP-428";"artifacts/up-dash/src/pages/rfm.tsx";"377";"Card";"Gráfico";"<span className=""h-1.5 w-1.5 rounded-full bg-primary"" />Segment composition over time";"";"useGetRfm, useGetInsight";"Card / controles / gráficos → tokens UP Glass"
"UP-429";"artifacts/up-dash/src/pages/rfm.tsx";"439";"Card";"Tabela / lista / detalhe";"<span className=""h-1.5 w-1.5 rounded-full bg-chart-3"" />Compradoras RFM <span className=""text-muted-foreground font-normal"">({formatNumber(total)})</span><InfoHint text=""A lista mostra clientes que solicitaram pedidos no período filtrado. Por padrão entram todos os pedidos; use o filtro de status para analisar somente aprovados, pendentes ou recusados."" />";"";"useGetRfm, useGetInsight";"Card / controles / gráficos → tokens UP Glass"
"UP-430";"artifacts/up-dash/src/pages/rfm.tsx";"676";"Card";"Painel";"Painel / conteúdo";"";"useGetRfm, useGetInsight";"Card / controles / gráficos → tokens UP Glass"
"UP-431";"artifacts/up-dash/src/pages/rfm.tsx";"717";"GlassMetricCard";"Métrica";"""Solicitado""";"{<>{formatCurrency(order.amount)}</>}";"useGetRfm, useGetInsight";"DashboardKpiCard → UP Glass"
"UP-432";"artifacts/up-dash/src/pages/rfm.tsx";"718";"GlassMetricCard";"Métrica";"""Atendido""";"{<>{formatCurrency(order.fulfilledAmount)}</>}";"useGetRfm, useGetInsight";"DashboardKpiCard → UP Glass"
"UP-433";"artifacts/up-dash/src/pages/rfm.tsx";"719";"GlassMetricCard";"Métrica";"""Peças solicitadas""";"{<>{formatNumber(order.requestedQuantity)}</>}";"useGetRfm, useGetInsight";"DashboardKpiCard → UP Glass"
"UP-434";"artifacts/up-dash/src/pages/rfm.tsx";"720";"GlassMetricCard";"Métrica";"""Peças atendidas""";"{<>{formatNumber(order.fulfilledQuantity)}</>}";"useGetRfm, useGetInsight";"DashboardKpiCard → UP Glass"
"UP-435";"artifacts/up-dash/src/pages/sales-agent.tsx";"33";"GlassMetricCard";"Métrica";"{title}";"{value}";"";"DashboardKpiCard → UP Glass"
"UP-436";"artifacts/up-dash/src/pages/sales-agent.tsx";"47";"Card";"Painel";"Painel / conteúdo";"";"";"Card / controles / gráficos → tokens UP Glass"
"UP-437";"artifacts/up-dash/src/pages/sales-agent.tsx";"62";"Metric";"Métrica";"""Conversas""";"{String(metrics?.conversations ?? 0)}";"";"DashboardKpiCard → UP Glass"
"UP-438";"artifacts/up-dash/src/pages/sales-agent.tsx";"68";"Metric";"Métrica";"""Cadastros""";"{String(metrics?.registrations ?? 0)}";"";"DashboardKpiCard → UP Glass"
"UP-439";"artifacts/up-dash/src/pages/sales-agent.tsx";"74";"Metric";"Métrica";"""Pedidos""";"{String(metrics?.orders ?? 0)}";"";"DashboardKpiCard → UP Glass"
"UP-440";"artifacts/up-dash/src/pages/sales-agent.tsx";"80";"Metric";"Métrica";"""Números conectados""";"{String(metrics?.connectedNumbers ?? 0)}";"";"DashboardKpiCard → UP Glass"
"UP-441";"artifacts/up-dash/src/pages/sales-agent.tsx";"88";"Card";"Painel";"CRM simplificado";"";"";"Card / controles / gráficos → tokens UP Glass"
"UP-442";"artifacts/up-dash/src/pages/sales-agent.tsx";"97";"Card";"Tabela / lista / detalhe";"Cadastros criados";"";"";"Card / controles / gráficos → tokens UP Glass"
"UP-443";"artifacts/up-dash/src/pages/scale.tsx";"157";"Card";"Painel";"{title}";"";"useGetClient";"Card / controles / gráficos → tokens UP Glass"
"UP-444";"artifacts/up-dash/src/pages/scale.tsx";"198";"Card";"Painel";"Painel / conteúdo";"";"useGetClient";"Card / controles / gráficos → tokens UP Glass"
"UP-445";"artifacts/up-dash/src/pages/scale.tsx";"207";"GlassMetricCard";"Métrica";"""Receita""";"{<>{formatCurrencySmart(scenario.revenue)}</>}";"useGetClient";"DashboardKpiCard → UP Glass"
"UP-446";"artifacts/up-dash/src/pages/scale.tsx";"208";"GlassMetricCard";"Métrica";"""Mídia""";"{<>{formatCurrencySmart(scenario.mediaSpend)}</>}";"useGetClient";"DashboardKpiCard → UP Glass"
"UP-447";"artifacts/up-dash/src/pages/scale.tsx";"209";"GlassMetricCard";"Métrica";"""Pedidos estimados""";"{<>{formatNumber(Math.round(scenario.orders))}</>}";"useGetClient";"DashboardKpiCard → UP Glass"
"UP-448";"artifacts/up-dash/src/pages/scale.tsx";"217";"DashLoadingCard";"Painel";"""Carregando Escala""";"";"useGetClient";"Card / controles / gráficos → tokens UP Glass"
"UP-449";"artifacts/up-dash/src/pages/scale.tsx";"349";"DashboardKpiCard";"Métrica";"""Poder de venda""";"{kpis.currentSalesPower}";"useGetClient";"DashboardKpiCard → UP Glass"
"UP-450";"artifacts/up-dash/src/pages/scale.tsx";"367";"DashboardKpiCard";"Métrica";"""Faturamento""";"{kpis.revenue}";"useGetClient";"DashboardKpiCard → UP Glass"
"UP-451";"artifacts/up-dash/src/pages/scale.tsx";"384";"DashboardKpiCard";"Métrica";"""Qtd. vendas""";"{kpis.orders}";"useGetClient";"DashboardKpiCard → UP Glass"
"UP-452";"artifacts/up-dash/src/pages/scale.tsx";"401";"DashboardKpiCard";"Métrica";"""Ticket médio""";"{kpis.avgTicket}";"useGetClient";"DashboardKpiCard → UP Glass"
"UP-453";"artifacts/up-dash/src/pages/scale.tsx";"418";"DashboardKpiCard";"Métrica";"""Giro""";"{kpis.periodTurnoverPct}";"useGetClient";"DashboardKpiCard → UP Glass"
"UP-454";"artifacts/up-dash/src/pages/scale.tsx";"437";"DashboardKpiCard";"Métrica";"""Invest. mídia""";"{kpis.mediaSpend}";"useGetClient";"DashboardKpiCard → UP Glass"
"UP-455";"artifacts/up-dash/src/pages/scale.tsx";"454";"DashboardKpiCard";"Métrica";"""ROAS""";"{kpis.roas}";"useGetClient";"DashboardKpiCard → UP Glass"
"UP-456";"artifacts/up-dash/src/pages/scale.tsx";"471";"DashboardKpiCard";"Métrica";"""Custo por compra""";"{kpis.cpa}";"useGetClient";"DashboardKpiCard → UP Glass"
"UP-457";"artifacts/up-dash/src/pages/scale.tsx";"491";"Card";"Painel";"Calculadora de projeção";"";"useGetClient";"Card / controles / gráficos → tokens UP Glass"
"UP-458";"artifacts/up-dash/src/pages/scale.tsx";"564";"GlassMetricCard";"Métrica";"""Atual""";"{<>{item.current}</>}";"useGetClient";"DashboardKpiCard → UP Glass"
"UP-459";"artifacts/up-dash/src/pages/scale.tsx";"566";"GlassMetricCard";"Métrica";"""Meta""";"{<>{item.target}</>}";"useGetClient";"DashboardKpiCard → UP Glass"
"UP-460";"artifacts/up-dash/src/pages/scale.tsx";"567";"GlassMetricCard";"Métrica";"""Gap""";"{<>{item.gap}</>}";"useGetClient";"DashboardKpiCard → UP Glass"
"UP-461";"artifacts/up-dash/src/pages/scale.tsx";"576";"GlassMetricCard";"Métrica";"""Incremento de receita""";"{<>{formatCurrencySmart(projection.revenueIncrement)}</>}";"useGetClient";"DashboardKpiCard → UP Glass"
"UP-462";"artifacts/up-dash/src/pages/scale.tsx";"577";"GlassMetricCard";"Métrica";"""Incremento de mídia""";"{<>{formatCurrencySmart(projection.mediaSpendIncrement)}</>}";"useGetClient";"DashboardKpiCard → UP Glass"
"UP-463";"artifacts/up-dash/src/pages/scale.tsx";"578";"GlassMetricCard";"Métrica";"""Gap de estoque""";"{<>{formatCurrencySmart(projection.salesPowerGap)}</>}";"useGetClient";"DashboardKpiCard → UP Glass"
"UP-464";"artifacts/up-dash/src/pages/scale.tsx";"579";"GlassMetricCard";"Métrica";"""Peças adicionais""";"{<>{formatNumber(additionalUnitsNeeded)}</>}";"useGetClient";"DashboardKpiCard → UP Glass"
"UP-465";"artifacts/up-dash/src/pages/scale.tsx";"583";"Card";"Painel";"Insights de escala";"";"useGetClient";"Card / controles / gráficos → tokens UP Glass"
"UP-466";"artifacts/up-dash/src/pages/scale.tsx";"629";"ScenarioCard";"Painel";"Painel / conteúdo";"";"useGetClient";"Card / controles / gráficos → tokens UP Glass"
"UP-467";"artifacts/up-dash/src/pages/scale.tsx";"634";"BreakdownCard";"Painel";"""Categorias mais vendidas""";"";"useGetClient";"Card / controles / gráficos → tokens UP Glass"
"UP-468";"artifacts/up-dash/src/pages/scale.tsx";"635";"BreakdownCard";"Painel";"""Tamanhos mais vendidos""";"";"useGetClient";"Card / controles / gráficos → tokens UP Glass"
"UP-469";"artifacts/up-dash/src/pages/scale.tsx";"636";"BreakdownCard";"Painel";"""Cores mais vendidas""";"";"useGetClient";"Card / controles / gráficos → tokens UP Glass"
"UP-470";"artifacts/up-dash/src/pages/scale.tsx";"637";"BreakdownCard";"Painel";"""Poder por categoria""";"";"useGetClient";"Card / controles / gráficos → tokens UP Glass"
"UP-471";"artifacts/up-dash/src/pages/scale.tsx";"640";"Card";"Painel";"Como a projeção foi calculada";"";"useGetClient";"Card / controles / gráficos → tokens UP Glass"
"UP-472";"artifacts/up-dash/src/pages/seller-detail.tsx";"80";"GlassMetricCard";"Métrica";"{label}";"{value}";"useGetSellerDetail, useGetSellerCustomers, useGetSellerOrders";"DashboardKpiCard → UP Glass"
"UP-473";"artifacts/up-dash/src/pages/seller-detail.tsx";"252";"Card";"Painel";"{seller.name}";"";"useGetSellerDetail, useGetSellerCustomers, useGetSellerOrders";"Card / controles / gráficos → tokens UP Glass"
"UP-474";"artifacts/up-dash/src/pages/seller-detail.tsx";"300";"Card";"Painel";"Painel / conteúdo";"";"useGetSellerDetail, useGetSellerCustomers, useGetSellerOrders";"Card / controles / gráficos → tokens UP Glass"
"UP-475";"artifacts/up-dash/src/pages/seller-detail.tsx";"307";"KpiCard";"Métrica";"""Revenue""";"{kpis.revenue}";"useGetSellerDetail, useGetSellerCustomers, useGetSellerOrders";"DashboardKpiCard → UP Glass"
"UP-476";"artifacts/up-dash/src/pages/seller-detail.tsx";"315";"KpiCard";"Métrica";"""Orders""";"{kpis.orders}";"useGetSellerDetail, useGetSellerCustomers, useGetSellerOrders";"DashboardKpiCard → UP Glass"
"UP-477";"artifacts/up-dash/src/pages/seller-detail.tsx";"322";"KpiCard";"Métrica";"""Avg Ticket""";"{kpis.avgTicket}";"useGetSellerDetail, useGetSellerCustomers, useGetSellerOrders";"DashboardKpiCard → UP Glass"
"UP-478";"artifacts/up-dash/src/pages/seller-detail.tsx";"329";"KpiCard";"Métrica";"""Customers""";"{kpis.uniqueCustomers}";"useGetSellerDetail, useGetSellerCustomers, useGetSellerOrders";"DashboardKpiCard → UP Glass"
"UP-479";"artifacts/up-dash/src/pages/seller-detail.tsx";"336";"KpiCard";"Métrica";"""Approval Rate""";"{kpis.approvalRate}";"useGetSellerDetail, useGetSellerCustomers, useGetSellerOrders";"DashboardKpiCard → UP Glass"
"UP-480";"artifacts/up-dash/src/pages/seller-detail.tsx";"343";"KpiCard";"Métrica";"""Conversion %""";"{kpis.conversionRate}";"useGetSellerDetail, useGetSellerCustomers, useGetSellerOrders";"DashboardKpiCard → UP Glass"
"UP-481";"artifacts/up-dash/src/pages/seller-detail.tsx";"357";"Card";"Gráfico";"<TrendingUp className=""h-4 w-4"" />Revenue over time";"";"useGetSellerDetail, useGetSellerCustomers, useGetSellerOrders";"Card / controles / gráficos → tokens UP Glass"
"UP-482";"artifacts/up-dash/src/pages/seller-detail.tsx";"460";"Card";"Gráfico";"<BarChart2 className=""h-4 w-4"" />Revenue by category";"";"useGetSellerDetail, useGetSellerCustomers, useGetSellerOrders";"Card / controles / gráficos → tokens UP Glass"
"UP-483";"artifacts/up-dash/src/pages/seller-detail.tsx";"475";"Card";"Gráfico";"<MapPin className=""h-4 w-4"" />Revenue by state";"";"useGetSellerDetail, useGetSellerCustomers, useGetSellerOrders";"Card / controles / gráficos → tokens UP Glass"
"UP-484";"artifacts/up-dash/src/pages/seller-detail.tsx";"495";"Card";"Tabela / lista / detalhe";"<Users className=""h-4 w-4"" />Top customers";"";"useGetSellerDetail, useGetSellerCustomers, useGetSellerOrders";"Card / controles / gráficos → tokens UP Glass"
"UP-485";"artifacts/up-dash/src/pages/seller-detail.tsx";"585";"Card";"Tabela / lista / detalhe";"<ShoppingBag className=""h-4 w-4"" />Recent orders";"";"useGetSellerDetail, useGetSellerCustomers, useGetSellerOrders";"Card / controles / gráficos → tokens UP Glass"
"UP-486";"artifacts/up-dash/src/pages/sellers.tsx";"177";"GlassMetricCard";"Métrica";"""Total Revenue""";"{totalRevenue}";"useGetSellers, useGetInsight";"DashboardKpiCard → UP Glass"
"UP-487";"artifacts/up-dash/src/pages/sellers.tsx";"181";"GlassMetricCard";"Métrica";"""Active Sellers""";"{activeSellers}";"useGetSellers, useGetInsight";"DashboardKpiCard → UP Glass"
"UP-488";"artifacts/up-dash/src/pages/sellers.tsx";"185";"GlassMetricCard";"Métrica";"""Top Seller""";"{topSeller?.name ?? ""—""}";"useGetSellers, useGetInsight";"DashboardKpiCard → UP Glass"
"UP-489";"artifacts/up-dash/src/pages/sellers.tsx";"192";"Card";"Painel";"{insight.headline}";"";"useGetSellers, useGetInsight";"Card / controles / gráficos → tokens UP Glass"
"UP-490";"artifacts/up-dash/src/pages/sellers.tsx";"255";"Card";"Gráfico";"Painel / conteúdo";"";"useGetSellers, useGetInsight";"Card / controles / gráficos → tokens UP Glass"
"UP-491";"artifacts/up-dash/src/pages/sellers.tsx";"415";"Card";"Painel";"Painel / conteúdo";"";"useGetSellers, useGetInsight";"Card / controles / gráficos → tokens UP Glass"
"UP-492";"artifacts/up-dash/src/pages/sellers.tsx";"455";"Card";"Painel";"{seller.name}";"";"useGetSellers, useGetInsight";"Card / controles / gráficos → tokens UP Glass"
"UP-493";"artifacts/up-dash/src/pages/stock-intelligence.tsx";"132";"GlassMetricCard";"Métrica";"{label}";"{value}";"useGetStock, useGetInsight";"DashboardKpiCard → UP Glass"
"UP-494";"artifacts/up-dash/src/pages/stock-intelligence.tsx";"159";"Card";"Painel";"Painel / conteúdo";"";"useGetStock, useGetInsight";"Card / controles / gráficos → tokens UP Glass"
"UP-495";"artifacts/up-dash/src/pages/stock-intelligence.tsx";"387";"Card";"Painel";"{insight.headline}";"";"useGetStock, useGetInsight";"Card / controles / gráficos → tokens UP Glass"
"UP-496";"artifacts/up-dash/src/pages/stock-intelligence.tsx";"457";"Card";"Painel";"Painel / conteúdo";"";"useGetStock, useGetInsight";"Card / controles / gráficos → tokens UP Glass"
"UP-497";"artifacts/up-dash/src/pages/stock-intelligence.tsx";"464";"KpiCard";"Métrica";"""Total Stock Units""";"{data.kpis.totalUnits}";"useGetStock, useGetInsight";"DashboardKpiCard → UP Glass"
"UP-498";"artifacts/up-dash/src/pages/stock-intelligence.tsx";"471";"KpiCard";"Métrica";"""Avg Coverage Days""";"{data.kpis.avgCoverageDays}";"useGetStock, useGetInsight";"DashboardKpiCard → UP Glass"
"UP-499";"artifacts/up-dash/src/pages/stock-intelligence.tsx";"478";"KpiCard";"Métrica";"""Stockout Risk SKUs""";"{data.kpis.stockoutRiskCount}";"useGetStock, useGetInsight";"DashboardKpiCard → UP Glass"
"UP-500";"artifacts/up-dash/src/pages/stock-intelligence.tsx";"486";"KpiCard";"Métrica";"""Overstock Risk SKUs""";"{data.kpis.overstockRiskCount}";"useGetStock, useGetInsight";"DashboardKpiCard → UP Glass"
"UP-501";"artifacts/up-dash/src/pages/stock-intelligence.tsx";"494";"KpiCard";"Métrica";"""Sell-through Rate""";"{data.kpis.sellThroughRate}";"useGetStock, useGetInsight";"DashboardKpiCard → UP Glass"
"UP-502";"artifacts/up-dash/src/pages/stock-intelligence.tsx";"512";"Card";"Painel";"Painel / conteúdo";"";"useGetStock, useGetInsight";"Card / controles / gráficos → tokens UP Glass"
"UP-503";"artifacts/up-dash/src/pages/stock-intelligence.tsx";"552";"Card";"Tabela / lista / detalhe";"All SKUs";"";"useGetStock, useGetInsight";"Card / controles / gráficos → tokens UP Glass"
"UP-504";"artifacts/up-dash/src/pages/stock-intelligence.tsx";"743";"Card";"Gráfico";"Painel / conteúdo";"";"useGetStock, useGetInsight";"Card / controles / gráficos → tokens UP Glass"
"UP-505";"artifacts/up-dash/src/pages/stock-intelligence.tsx";"821";"Card";"Gráfico";"Painel / conteúdo";"";"useGetStock, useGetInsight";"Card / controles / gráficos → tokens UP Glass"
"UP-506";"artifacts/up-dash/src/pages/stock-intelligence.tsx";"881";"Card";"Gráfico";"Painel / conteúdo";"";"useGetStock, useGetInsight";"Card / controles / gráficos → tokens UP Glass"
"UP-507";"artifacts/up-dash/src/pages/stock-intelligence.tsx";"969";"GlassMetricCard";"Métrica";"""Units Sold""";"{<>{formatNumber(selectedSku.unitsSold)}</>}";"useGetStock, useGetInsight";"DashboardKpiCard → UP Glass"
"UP-508";"artifacts/up-dash/src/pages/stock-intelligence.tsx";"970";"GlassMetricCard";"Métrica";"""Stock Units""";"{<>{formatNumber(selectedSku.stock)}</>}";"useGetStock, useGetInsight";"DashboardKpiCard → UP Glass"
"UP-509";"artifacts/up-dash/src/pages/stock-intelligence.tsx";"971";"GlassMetricCard";"Métrica";"""Daily Velocity""";"{<>{selectedSku.dailyVelocity.toFixed(2)}/d</>}";"useGetStock, useGetInsight";"DashboardKpiCard → UP Glass"
"UP-510";"artifacts/up-dash/src/pages/stock-intelligence.tsx";"972";"GlassMetricCard";"Métrica";"""Coverage Days""";"{<>{selectedSku.coverageDays != null ? `${selectedSku.coverageDays.toFixed(0)}d` : ""—""}</>}";"useGetStock, useGetInsight";"DashboardKpiCard → UP Glass"
"UP-511";"artifacts/up-dash/src/pages/utm.tsx";"75";"GlassMetricCard";"Métrica";"{label}";"{value}";"useGetUtm, useGetInsight";"DashboardKpiCard → UP Glass"
"UP-512";"artifacts/up-dash/src/pages/utm.tsx";"344";"KpiCard";"Métrica";"""Sessions""";"{kpis ? formatNumber(kpis.totalSessions) : ""—""}";"useGetUtm, useGetInsight";"DashboardKpiCard → UP Glass"
"UP-513";"artifacts/up-dash/src/pages/utm.tsx";"351";"KpiCard";"Métrica";"""Registrations""";"{kpis ? formatNumber(kpis.totalRegistrations) : ""—""}";"useGetUtm, useGetInsight";"DashboardKpiCard → UP Glass"
"UP-514";"artifacts/up-dash/src/pages/utm.tsx";"357";"KpiCard";"Métrica";"""Approval %""";"{kpis ? `${kpis.approvalPct.toFixed(1)}%` : ""—""}";"useGetUtm, useGetInsight";"DashboardKpiCard → UP Glass"
"UP-515";"artifacts/up-dash/src/pages/utm.tsx";"364";"KpiCard";"Métrica";"""Buyers""";"{kpis ? formatNumber(kpis.totalBuyers) : ""—""}";"useGetUtm, useGetInsight";"DashboardKpiCard → UP Glass"
"UP-516";"artifacts/up-dash/src/pages/utm.tsx";"370";"KpiCard";"Métrica";"""Revenue""";"{kpis ? formatCurrencySmart(kpis.totalRevenue) : ""—""}";"useGetUtm, useGetInsight";"DashboardKpiCard → UP Glass"
"UP-517";"artifacts/up-dash/src/pages/utm.tsx";"377";"KpiCard";"Métrica";"""Conversion %""";"{kpis ? `${kpis.conversionPct.toFixed(1)}%` : ""—""}";"useGetUtm, useGetInsight";"DashboardKpiCard → UP Glass"
"UP-518";"artifacts/up-dash/src/pages/utm.tsx";"384";"KpiCard";"Métrica";"""ROAS""";"{kpis?.totalRoas != null ? `${kpis.totalRoas.toFixed(2)}x` : ""—""}";"useGetUtm, useGetInsight";"DashboardKpiCard → UP Glass"
"UP-519";"artifacts/up-dash/src/pages/utm.tsx";"397";"Card";"Painel";"{insight.headline}";"";"useGetUtm, useGetInsight";"Card / controles / gráficos → tokens UP Glass"
"UP-520";"artifacts/up-dash/src/pages/utm.tsx";"471";"Card";"Gráfico";"Revenue by {GROUP_LABELS[groupBy]}";"";"useGetUtm, useGetInsight";"Card / controles / gráficos → tokens UP Glass"
"UP-521";"artifacts/up-dash/src/pages/utm.tsx";"527";"Card";"Gráfico";"Conversion % by {GROUP_LABELS[groupBy]}";"";"useGetUtm, useGetInsight";"Card / controles / gráficos → tokens UP Glass"
"UP-522";"artifacts/up-dash/src/pages/utm.tsx";"599";"Card";"Painel";"Painel / conteúdo";"";"useGetUtm, useGetInsight";"Card / controles / gráficos → tokens UP Glass"
"UP-523";"artifacts/up-dash/src/pages/whatsapp-connections.tsx";"727";"Card";"Painel";"<PlugZap className=""h-4 w-4 text-primary"" />Conectar WhatsApp Business";"";"";"Card / controles / gráficos → tokens UP Glass"
"UP-524";"artifacts/up-dash/src/pages/whatsapp-connections.tsx";"903";"Card";"Painel";"Painel / conteúdo";"";"";"Card / controles / gráficos → tokens UP Glass"
"UP-525";"artifacts/up-dash/src/pages/whatsapp-connections.tsx";"908";"GlassMetricCard";"Métrica";"""Conexões""";"{<>{connectedIntegrations.length}</>}";"";"DashboardKpiCard → UP Glass"
"UP-526";"artifacts/up-dash/src/pages/whatsapp-connections.tsx";"911";"Card";"Painel";"Painel / conteúdo";"";"";"Card / controles / gráficos → tokens UP Glass"
"UP-527";"artifacts/up-dash/src/pages/whatsapp-connections.tsx";"916";"GlassMetricCard";"Métrica";"""Números cadastrados""";"{<>{data?.phoneNumbers?.length ?? 0}</>}";"";"DashboardKpiCard → UP Glass"
"UP-528";"artifacts/up-dash/src/pages/whatsapp-connections.tsx";"919";"Card";"Painel";"Painel / conteúdo";"";"";"Card / controles / gráficos → tokens UP Glass"
"UP-529";"artifacts/up-dash/src/pages/whatsapp-connections.tsx";"947";"Card";"Painel";"Painel / conteúdo";"";"";"Card / controles / gráficos → tokens UP Glass"
"UP-530";"artifacts/up-dash/src/pages/whatsapp-connections.tsx";"964";"Card";"Painel";"<Webhook className=""h-4 w-4 text-primary"" />Webhook da Meta";"";"";"Card / controles / gráficos → tokens UP Glass"
"UP-531";"artifacts/up-dash/src/pages/whatsapp-connections.tsx";"1009";"Card";"Painel";"{syncCopy.title}";"";"";"Card / controles / gráficos → tokens UP Glass"
"UP-532";"artifacts/up-dash/src/pages/whatsapp-connections.tsx";"1076";"GlassMetricCard";"Métrica";"""Mensagens importadas""";"{<>{data.historySync.importedMessages.toLocaleString(""pt-BR"")}</>}";"";"DashboardKpiCard → UP Glass"
"UP-533";"artifacts/up-dash/src/pages/whatsapp-connections.tsx";"1077";"GlassMetricCard";"Métrica";"""Eventos de histórico""";"{<>{data.historySync.historyEvents.toLocaleString(""pt-BR"")}</>}";"";"DashboardKpiCard → UP Glass"
"UP-534";"artifacts/up-dash/src/pages/whatsapp-connections.tsx";"1095";"Card";"Painel";"<Smartphone className=""h-4 w-4 text-primary"" />Telefones de campanha";"";"";"Card / controles / gráficos → tokens UP Glass"
"UP-535";"artifacts/up-dash/src/pages/whatsapp-connections.tsx";"1190";"Card";"Painel";"{numberTitle(phone)}";"";"";"Card / controles / gráficos → tokens UP Glass"
"UP-536";"artifacts/up-dash/src/pages/whatsapp-conversations.tsx";"215";"Card";"Painel";"Painel / conteúdo";"";"";"Card / controles / gráficos → tokens UP Glass"
"UP-537";"artifacts/up-dash/src/pages/whatsapp-conversations.tsx";"220";"GlassMetricCard";"Métrica";"""Conversas""";"{<>{data?.total ?? 0}</>}";"";"DashboardKpiCard → UP Glass"
"UP-538";"artifacts/up-dash/src/pages/whatsapp-conversations.tsx";"223";"Card";"Painel";"Painel / conteúdo";"";"";"Card / controles / gráficos → tokens UP Glass"
"UP-539";"artifacts/up-dash/src/pages/whatsapp-conversations.tsx";"228";"GlassMetricCard";"Métrica";"""Mensagens aguardando""";"{<>{totalUnread}</>}";"";"DashboardKpiCard → UP Glass"
"UP-540";"artifacts/up-dash/src/pages/whatsapp-conversations.tsx";"231";"Card";"Painel";"Painel / conteúdo";"";"";"Card / controles / gráficos → tokens UP Glass"
"UP-541";"artifacts/up-dash/src/pages/whatsapp-conversations.tsx";"236";"GlassMetricCard";"Métrica";"""Encerradas""";"{<>{data?.data.filter((row) => row.status === ""closed"").length ?? 0}</>}";"";"DashboardKpiCard → UP Glass"
"UP-542";"artifacts/up-dash/src/pages/whatsapp-conversations.tsx";"239";"Card";"Painel";"Painel / conteúdo";"";"";"Card / controles / gráficos → tokens UP Glass"
"UP-543";"artifacts/up-dash/src/pages/whatsapp-conversations.tsx";"252";"Card";"Painel";"Conversas";"";"";"Card / controles / gráficos → tokens UP Glass"
"UP-544";"artifacts/up-dash/src/pages/whatsapp-sends.tsx";"169";"Card";"Painel";"<Send className=""h-4 w-4 text-primary"" />Envio teste WhatsApp";"";"";"Card / controles / gráficos → tokens UP Glass"
"UP-545";"artifacts/up-dash/src/pages/whatsapp-templates.tsx";"763";"GlassMetricCard";"Métrica";"""Aprovados""";"{<>{summary.approved}</>}";"";"DashboardKpiCard → UP Glass"
"UP-546";"artifacts/up-dash/src/pages/whatsapp-templates.tsx";"764";"GlassMetricCard";"Métrica";"""Pendentes""";"{<>{summary.pending}</>}";"";"DashboardKpiCard → UP Glass"
"UP-547";"artifacts/up-dash/src/pages/whatsapp-templates.tsx";"765";"GlassMetricCard";"Métrica";"""Recusados""";"{<>{summary.rejected}</>}";"";"DashboardKpiCard → UP Glass"
"UP-548";"artifacts/up-dash/src/pages/whatsapp-templates.tsx";"803";"Card";"Painel";"{phoneLabel(selectedPhone)}";"";"";"Card / controles / gráficos → tokens UP Glass"
"UP-549";"artifacts/up-dash/src/pages/whatsapp-templates.tsx";"855";"Card";"Painel";"Variaveis para templates e automacoes";"";"";"Card / controles / gráficos → tokens UP Glass"
"UP-550";"artifacts/up-dash/src/pages/whatsapp-templates.tsx";"921";"Card";"Painel";"Criar template";"";"";"Card / controles / gráficos → tokens UP Glass"
"UP-551";"artifacts/up-dash/src/pages/whatsapp-templates.tsx";"1282";"Card";"Tabela / lista / detalhe";"Modelos cadastrados";"";"";"Card / controles / gráficos → tokens UP Glass"
"UP-552";"artifacts/up-dash/src/pages/whatsapp.tsx";"212";"GlassMetricCard";"Métrica";"{label}";"{value}";"";"DashboardKpiCard → UP Glass"
"UP-553";"artifacts/up-dash/src/pages/whatsapp.tsx";"422";"Card";"Painel";"<MessageCircle className=""h-4 w-4 text-primary"" />Atendimento WhatsApp";"";"";"Card / controles / gráficos → tokens UP Glass"
"UP-554";"artifacts/up-dash/src/pages/whatsapp.tsx";"488";"KpiCard";"Métrica";"""Total de conversas""";"{formatNumber(kpis.total)}";"";"DashboardKpiCard → UP Glass"
"UP-555";"artifacts/up-dash/src/pages/whatsapp.tsx";"489";"KpiCard";"Métrica";"""Novos leads""";"{formatNumber(kpis.newLeads)}";"";"DashboardKpiCard → UP Glass"
"UP-556";"artifacts/up-dash/src/pages/whatsapp.tsx";"490";"KpiCard";"Métrica";"""Leads recorrentes""";"{formatNumber(kpis.returningLeads)}";"";"DashboardKpiCard → UP Glass"
"UP-557";"artifacts/up-dash/src/pages/whatsapp.tsx";"491";"KpiCard";"Métrica";"""Mensagens recebidas""";"{formatNumber(kpis.received)}";"";"DashboardKpiCard → UP Glass"
"UP-558";"artifacts/up-dash/src/pages/whatsapp.tsx";"492";"KpiCard";"Métrica";"""Mensagens enviadas""";"{formatNumber(kpis.sent)}";"";"DashboardKpiCard → UP Glass"
"UP-559";"artifacts/up-dash/src/pages/whatsapp.tsx";"493";"KpiCard";"Métrica";"""Tempo 1ª resposta""";"{formatMinutes(kpis.avgFirstResponse)}";"";"DashboardKpiCard → UP Glass"
"UP-560";"artifacts/up-dash/src/pages/whatsapp.tsx";"494";"KpiCard";"Métrica";"""SLA cumprido""";"{formatPercent(kpis.sla)}";"";"DashboardKpiCard → UP Glass"
"UP-561";"artifacts/up-dash/src/pages/whatsapp.tsx";"495";"KpiCard";"Métrica";"""Leads sem resposta""";"{formatNumber(kpis.noResponse)}";"";"DashboardKpiCard → UP Glass"
"UP-562";"artifacts/up-dash/src/pages/whatsapp.tsx";"496";"KpiCard";"Métrica";"""Aguardando resposta""";"{formatNumber(kpis.awaiting)}";"";"DashboardKpiCard → UP Glass"
"UP-563";"artifacts/up-dash/src/pages/whatsapp.tsx";"497";"KpiCard";"Métrica";"""Encerradas""";"{formatNumber(kpis.closed)}";"";"DashboardKpiCard → UP Glass"
"UP-564";"artifacts/up-dash/src/pages/whatsapp.tsx";"498";"KpiCard";"Métrica";"""Perdidas""";"{formatNumber(kpis.lost)}";"";"DashboardKpiCard → UP Glass"
"UP-565";"artifacts/up-dash/src/pages/whatsapp.tsx";"502";"Card";"Gráfico";"Conversas por dia";"";"";"Card / controles / gráficos → tokens UP Glass"
"UP-566";"artifacts/up-dash/src/pages/whatsapp.tsx";"517";"Card";"Gráfico";"Conversas por hora";"";"";"Card / controles / gráficos → tokens UP Glass"
"UP-567";"artifacts/up-dash/src/pages/whatsapp.tsx";"532";"Card";"Gráfico";"Recebidas vs enviadas";"";"";"Card / controles / gráficos → tokens UP Glass"
"UP-568";"artifacts/up-dash/src/pages/whatsapp.tsx";"548";"Card";"Gráfico";"Ranking por conversas atendidas";"";"";"Card / controles / gráficos → tokens UP Glass"
"UP-569";"artifacts/up-dash/src/pages/whatsapp.tsx";"565";"Card";"Gráfico";"Funil comercial do WhatsApp";"";"";"Card / controles / gráficos → tokens UP Glass"
"UP-570";"artifacts/up-dash/src/pages/whatsapp.tsx";"599";"Card";"Painel";"Taxa de avanço por etapa";"";"";"Card / controles / gráficos → tokens UP Glass"
"UP-571";"artifacts/up-dash/src/pages/whatsapp.tsx";"633";"Card";"Gráfico";"Tempo médio de primeira resposta por perfil WhatsApp";"";"";"Card / controles / gráficos → tokens UP Glass"
"UP-572";"artifacts/up-dash/src/pages/whatsapp.tsx";"649";"Card";"Tabela / lista / detalhe";"Conversas sem resposta";"";"";"Card / controles / gráficos → tokens UP Glass"
"UP-573";"artifacts/up-dash/src/pages/whatsapp.tsx";"677";"Card";"Tabela / lista / detalhe";"Motivos de perda";"";"";"Card / controles / gráficos → tokens UP Glass"
"UP-574";"artifacts/up-dash/src/pages/whatsapp.tsx";"702";"Card";"Tabela / lista / detalhe";"Produtividade por perfil WhatsApp";"";"";"Card / controles / gráficos → tokens UP Glass"
